city
1
    60.0070815 56.8058752
    60.008038 56.8049693
    60.0079217 56.8046486
    60.008006 56.8045265
    60.0080246 56.8042576
    60.0082109 56.8040524
    60.0083798 56.803994
    60.0087819 56.803787
    60.0091768 56.8036449
    60.0095826 56.8035424
    60.0098742 56.803258
    60.0105644 56.8030317
    60.0109907 56.8028629
    60.0112528 56.8026492
    60.0115651 56.8023556
    60.0117631 56.802348
    60.0120226 56.8023002
    60.0120868 56.8021603
    60.0123193 56.8022418
    60.0126191 56.802253
    60.0129096 56.802133
    60.0132249 56.8020727
    60.0131737 56.8018905
    60.0133168 56.8016584
    60.0137017 56.8014592
    60.0142605 56.8012893
    60.0148226 56.801393
    60.0153299 56.8014833
    60.0161501 56.8013311
    60.0165931 56.8012456
    60.01703 56.8011824
    60.0174513 56.8010144
    60.0179007 56.8008556
    60.018559 56.8007242
    60.0191186 56.8006428
    60.0196336 56.8005531
    60.020021 56.8003807
    60.0202898 56.8001957
    60.0203637 56.8000285
    60.0206534 56.799846
    60.0207791 56.7996668
    60.020958 56.7994746
    60.02128 56.7993395
    60.0214118 56.7992567
    60.0219239 56.7992523
    60.0223084 56.7992757
    60.0225091 56.7992101
    60.0230195 56.7991427
    60.0233693 56.799071
    60.0233275 56.7989265
    60.0234585 56.7988047
    60.0237834 56.7988181
    60.0239454 56.7990168
    60.02395 56.7992487
    60.0236836 56.7994391
    60.0231248 56.7997279
    60.0225839 56.7999198
    60.0222275 56.8000327
    60.022024 56.8000454
    60.0217876 56.8001517
    60.0217733 56.80039
    60.0216276 56.8004181
    60.0216269 56.8007801
    60.0212845 56.8011175
    60.021184 56.8013742
    60.0213131 56.8015938
    60.0212332 56.8018417
    60.0210346 56.8021152
    60.0211299 56.8023047
    60.0210101 56.8023427
    60.0209355 56.8026617
    60.0208897 56.8029877
    60.0208085 56.8032924
    60.0208557 56.8034518
    60.0211446 56.8035752
    60.0210216 56.8036999
    60.0212436 56.8038824
    60.0216096 56.8040957
    60.0220102 56.8042715
    60.0222644 56.8044226
    60.0226319 56.8045338
    60.0229284 56.8046117
    60.0232507 56.8046429
    60.0234103 56.8046937
    60.0238321 56.8051456
    60.0241014 56.8054123
    60.0247929 56.8058193
    60.0251631 56.8059302
    60.0249936 56.8062228
    60.0250767 56.8063477
    60.0253293 56.8063201
    60.025637 56.8062022
    60.0257864 56.8060465
    60.0259673 56.8059575
    60.02643 56.8058817
    60.0268001 56.8058295
    60.0271886 56.8057971
    60.027747 56.8057395
    60.028092 56.8056526
    60.028471 56.8055495
    60.0286941 56.8055131
    60.0288294 56.8054696
    60.0290171 56.8054432
    60.0294467 56.805309
    60.0299093 56.8051928
    60.030244 56.805128
    60.0305335 56.8050391
    60.0308516 56.8049752
    60.0310292 56.804903
    60.0314439 56.804837
    60.031835 56.8047856
    60.0321476 56.804798
    60.0324825 56.8048266
    60.032602 56.8048819
    60.0328888 56.8049023
    60.033225 56.8049181
    60.0335864 56.804973
    60.0339344 56.8050207
    60.0343235 56.8050987
    60.0346818 56.8051787
    60.034979 56.8052438
    60.035382 56.8053501
    60.0358033 56.8054606
    60.0360999 56.8055172
    60.0366973 56.8056775
    60.0371211 56.8058124
    60.037578 56.8059035
    60.0380257 56.8059728
    60.0387025 56.8060108
    60.0391288 56.8060384
    60.0392412 56.806209
    60.0393413 56.8063535
    60.039452 56.8064678
    60.0400779 56.8067918
    60.040518 56.8069869
    60.0407655 56.8071094
    60.0410651 56.80719
    60.0412952 56.8073073
    60.0413566 56.8073831
    60.0416373 56.8075755
    60.0420249 56.80781
    60.042432 56.8080636
    60.0430049 56.8082819
    60.0433303 56.808624
    60.0435935 56.8088155
    60.0439518 56.8090793
    60.0442809 56.8093331
    60.0446176 56.809511
    60.0448746 56.8094803
    60.0453653 56.8094217
    60.0459105 56.8091959
    60.0465087 56.808928
    60.0471239 56.8088005
    60.0474206 56.8085511
    60.0478371 56.8083701
    60.0481503 56.8082532
    60.0483764 56.8081879
    60.048846 56.8079857
    60.0493737 56.8077488
    60.0497428 56.8075664
    60.0501843 56.8074281
    60.050647 56.8072452
    60.0510302 56.8070775
    60.0514285 56.8068521
    60.0518019 56.8066311
    60.0522877 56.8063627
    60.0526259 56.8061119
    60.0529274 56.8058783
    60.0530592 56.8055759
    60.0532224 56.8051245
    60.0535195 56.8051013
    60.0538372 56.8051148
    60.0540613 56.8052051
    60.0543427 56.8052296
    60.0547629 56.80515
    60.0550088 56.8050901
    60.0556876 56.80505
    60.0556473 56.8051917
    60.0557512 56.8053738
    60.0557528 56.8055827
    60.0558082 56.8058527
    60.055795 56.8060076
    60.0557868 56.8062765
    60.0560092 56.8066802
    60.0562543 56.8068447
    60.0568619 56.8068892
    60.0573719 56.806884
    60.0579586 56.8068241
    60.0584608 56.8067978
    60.0587519 56.8068582
    60.0592926 56.806769
    60.0599088 56.8065308
    60.0605022 56.8063747
    60.0608261 56.8061904
    60.0610671 56.8060635
    60.0612949 56.8060214
    60.061684 56.8060607
    60.0617784 56.8061701
    60.0625681 56.8063929
    60.0628485 56.8067199
    60.063274 56.8072796
    60.0630839 56.8078179
    60.0628785 56.8079285
    60.0624847 56.8079999
    60.062045 56.8081611
    60.0617129 56.8083939
    60.0615933 56.8087278
    60.0614941 56.8088551
    60.0613307 56.8090019
    60.0611151 56.8091228
    60.0609023 56.8093228
    60.060587 56.8097581
    60.0603793 56.8101714
    60.0602489 56.8104321
    60.0601771 56.8107166
    60.0601328 56.8111323
    60.0601848 56.8113446
    60.0602173 56.8116474
    60.0602023 56.8118089
    60.0602238 56.8120525
    60.0603962 56.8125279
    60.0603952 56.8127346
    60.0604722 56.8129105
    60.0603729 56.8131258
    60.0604493 56.8134452
    60.0606752 56.8137713
    60.0608185 56.8139134
    60.0610874 56.81412
    60.0612207 56.8143014
    60.0613733 56.8143059
    60.0617036 56.8143225
    60.0619709 56.8142534
    60.0625561 56.8141454
    60.0626811 56.8140532
    60.0628967 56.8139348
    60.0631569 56.8138163
    60.0633178 56.8137014
    60.0634643 56.8136223
    60.0637175 56.8135004
    60.0639968 56.8133557
    60.0642298 56.8132924
    60.0644374 56.8132051
    60.0647422 56.8130494
    60.0649957 56.8128833
    60.0651538 56.8127195
    60.0654293 56.8124816
    60.0655993 56.8123414
    60.0658206 56.8121167
    60.0660175 56.8120203
    60.0661647 56.8119121
    60.066355 56.8118022
    60.0665457 56.8117423
    60.0669396 56.8117137
    60.0672749 56.8116768
    60.0675072 56.8116099
    60.0678877 56.8115917
    60.0682011 56.8116006
    60.0685308 56.8115519
    60.0687362 56.8115393
    60.0690067 56.8114547
    60.0693432 56.8113722
    60.0693738 56.8112702
    60.0695373 56.8111357
    60.0698842 56.8110478
    60.0701682 56.8110246
    60.0704292 56.8110426
    60.0706582 56.8109887
    60.0708041 56.8109268
    60.07104 56.8106995
    60.0713154 56.8104213
    60.071578 56.8101864
    60.0716082 56.8099634
    60.0717513 56.809691
    60.0720217 56.8092476
    60.0721032 56.8090573
    60.0720509 56.8088791
    60.071964 56.8086972
    60.0718871 56.8086875
    60.0718054 56.8084859
    60.0716916 56.8083366
    60.0714808 56.8081939
    60.0712681 56.8080626
    60.0712146 56.8079531
    60.0711643 56.8077366
    60.0709407 56.8075519
    60.0708048 56.8074326
    60.0707243 56.8072532
    60.0706385 56.8071836
    60.0707565 56.807129
    60.0709468 56.806979
    60.0711875 56.8067994
    60.0714481 56.8065636
    60.0716905 56.8063525
    60.0719577 56.8061724
    60.0719928 56.8061466
    60.0721467 56.8060834
    60.0723397 56.8060179
    60.0723412 56.8059052
    60.0725908 56.8058217
    60.0729366 56.8056155
    60.0732162 56.8054494
    60.0735444 56.8053134
    60.0738039 56.8052077
    60.0742622 56.8051551
    60.074704 56.8051428
    60.0750928 56.8050941
    60.0754735 56.8050228
    60.0757437 56.8049602
    60.0761325 56.8049803
    60.0765941 56.8048041
    60.077118 56.8043996
    60.0774568 56.8041303
    60.0776143 56.8039037
    60.0778403 56.8036433
    60.0778962 56.8035049
    60.0778756 56.8033469
    60.0776575 56.8031963
    60.0773598 56.8032934
    60.0770295 56.8030611
    60.0767848 56.8029438
    60.076514 56.8027555
    60.0760419 56.8022238
    60.0758451 56.8018631
    60.0756848 56.8016182
    60.0755429 56.8013719
    60.0752227 56.801029
    60.0750789 56.8008866
    60.0747483 56.8006677
    60.0742029 56.800366
    60.0736592 56.8002366
    60.0731764 56.8001966
    60.0726261 56.8002188
    60.0723137 56.8002336
    60.0720526 56.8001742
    60.0714516 56.8002449
    60.0708955 56.8003209
    60.0704843 56.8003409
    60.0699404 56.800514
    60.0696034 56.8006099
    60.0693112 56.8007161
    60.068785 56.8008542
    60.0681688 56.8009463
    60.0678142 56.8010913
    60.0673725 56.8012817
    60.0670623 56.8014717
    60.0665553 56.8016459
    60.0660673 56.8018272
    60.0656566 56.8019391
    60.0652782 56.8020548
    60.0650688 56.8021492
    60.064878 56.8024065
    60.0645587 56.8026122
    60.0642951 56.8026568
    60.064099 56.8026284
    60.0637156 56.8027168
    60.0635377 56.8026291
    60.063424 56.8024046
    60.0632794 56.8021548
    60.0632273 56.8019876
    60.0632526 56.8018442
    60.0631082 56.8016174
    60.0629953 56.801376
    60.0628584 56.8011291
    60.0625396 56.8006668
    60.0623814 56.8004128
    60.0623687 56.8001703
    60.0626027 56.79994
    60.0622544 56.7995747
    60.0624728 56.7992795
    60.062358 56.7989563
    60.0624339 56.7987388
    60.0632685 56.7982304
    60.0637991 56.7980823
    60.0642144 56.7979879
    60.0646074 56.7976024
    60.0647251 56.7973328
    60.0649065 56.7970675
    60.0648593 56.796821
    60.0647076 56.7964988
    60.064511 56.7962058
    60.0639382 56.7957952
    60.0633557 56.7955295
    60.0627373 56.795332
    60.0598328 56.7952746
    60.0588075 56.7953151
    60.0541219 56.7909191
    60.0564215 56.7903597
    60.0571826 56.7842959
    60.0592076 56.783241
    60.0595365 56.7830745
    60.0603961 56.7830652
    60.06213 56.7839679
    60.0647516 56.7839071
    60.0658083 56.7832495
    60.0674602 56.7833534
    60.0683093 56.7839506
    60.0701356 56.7842481
    60.0706882 56.7854469
    60.0703129 56.7863959
    60.0696961 56.7873795
    60.0699226 56.7875362
    60.0704463 56.7877121
    60.0710674 56.7879256
    60.0712536 56.7882575
    60.070987 56.7885081
    60.0709249 56.7886903
    60.0711299 56.7888754
    60.0712663 56.7893101
    60.0715015 56.7894904
    60.0721494 56.7896595
    60.0728269 56.7895266
    60.0731657 56.7893624
    60.073234 56.789264
    60.0735381 56.7891366
    60.0738412 56.7890231
    60.0740358 56.7890651
    60.0744227 56.7891166
    60.0747991 56.7892699
    60.0749154 56.7894011
    60.0755229 56.7896363
    60.0762165 56.7895952
    60.0765477 56.7895832
    60.0767712 56.7893745
    60.0769415 56.7893464
    60.0769715 56.7891996
    60.0771522 56.7892572
    60.0775475 56.788989
    60.0777294 56.7887827
    60.0777429 56.7886332
    60.0776636 56.7884619
    60.0778264 56.788253
    60.0779838 56.7880419
    60.0782196 56.7878259
    60.0784128 56.7877181
    60.0787311 56.7876464
    60.0790165 56.7875589
    60.079303 56.7875292
    60.0795742 56.7875589
    60.0795372 56.7873791
    60.0797592 56.7874976
    60.0798727 56.7874305
    60.0798815 56.7872599
    60.0798323 56.7870688
    60.0798182 56.7869921
    60.0799018 56.7868368
    60.0801731 56.7868145
    60.0802392 56.7866563
    60.080828 56.7865979
    60.0813154 56.7864247
    60.0818997 56.7861857
    60.0824701 56.7862522
    60.0828789 56.7862524
    60.0831478 56.7860875
    60.0833495 56.7858836
    60.0833935 56.7858596
    60.083429 56.785687
    60.0833004 56.7854795
    60.0833164 56.7853283
    60.083564 56.7852242
    60.0836013 56.7849837
    60.0837582 56.7846548
    60.0842671 56.7845057
    60.0845897 56.7845372
    60.0847503 56.7844685
    60.0844666 56.7843741
    60.0844354 56.7841441
    60.0846734 56.7837305
    60.0848926 56.7835325
    60.0851229 56.7832652
    60.0853984 56.7832535
    60.0857382 56.7829256
    60.0860008 56.7826282
    60.0861672 56.7824254
    60.0862125 56.7820991
    60.0862517 56.7819044
    60.086359 56.7816931
    60.0865178 56.7816022
    60.0867132 56.7814963
    60.0869969 56.7813579
    60.0874255 56.7812091
    60.0879594 56.7811961
    60.0878782 56.780821
    60.0883205 56.7807016
    60.0889458 56.7804867
    60.0895361 56.7802765
    60.0940388 56.7794251
    60.0945032 56.7791918
    60.095042 56.7789432
    60.0955603 56.7786875
    60.0959663 56.7784175
    60.0963374 56.7782332
    60.0971629 56.7780504
    60.0977891 56.777941
    60.0983087 56.7780327
    60.0986952 56.778133
    60.0989865 56.7783754
    60.0990667 56.7787422
    60.0998379 56.7792132
    60.1002324 56.7797693
    60.1006266 56.7800066
    60.1006653 56.7799253
    60.1006522 56.7797999
    60.1009548 56.7796293
    60.101471 56.7796082
    60.1018082 56.7794407
    60.1024163 56.7791871
    60.1028114 56.7788029
    60.1026909 56.7786078
    60.1024451 56.778488
    60.102567 56.7782918
    60.1029396 56.7783918
    60.1035094 56.7784639
    60.1039728 56.7785426
    60.1043002 56.7785065
    60.1045263 56.7785392
    60.1048229 56.7785344
    60.1053176 56.7783583
    60.1056479 56.7783585
    60.1061421 56.7783814
    60.1066389 56.7784895
    60.107288 56.7786107
    60.107898 56.7787301
    60.1085867 56.7789719
    60.1091913 56.7790789
    60.1095092 56.7790103
    60.1104444 56.7792412
    60.1111018 56.7792835
    60.111774 56.7795302
    60.1118181 56.7795712
    60.1123803 56.7797218
    60.1132103 56.7798504
    60.1136073 56.7798458
    60.1138921 56.7797516
    60.1141444 56.7796497
    60.114232 56.7795195
    60.1144613 56.7793928
    60.1147998 56.7793487
    60.1149972 56.7791852
    60.1150738 56.7790435
    60.1150762 56.778797
    60.1149521 56.7785824
    60.1147924 56.7783577
    60.1147069 56.7782097
    60.1147221 56.7779742
    60.1148571 56.7777336
    60.1149604 56.7775674
    60.1153158 56.7774855
    60.1157953 56.7775752
    60.1159268 56.7775098
    60.1160276 56.7770383
    60.1157207 56.7768473
    60.115685 56.77652
    60.1159312 56.7764374
    60.1163783 56.7764869
    60.1169059 56.7764564
    60.1175209 56.7765575
    60.1180539 56.7764824
    60.1185865 56.7761476
    60.1188141 56.7756244
    60.1190365 56.7753395
    60.1192097 56.7750528
    60.1193423 56.7748626
    60.1192127 56.7745609
    60.1191367 56.7742515
    60.1188372 56.7740683
    60.1185716 56.7740357
    60.1185099 56.7738678
    60.1185959 56.773727
    60.1183541 56.7735992
    60.1181576 56.7735101
    60.1178168 56.773441
    60.1178274 56.7733939
    60.1176154 56.7733095
    60.1173275 56.7733106
    60.1167898 56.7731666
    60.1168026 56.7729713
    60.11687 56.7725341
    60.1168199 56.7724839
    60.1167465 56.7723408
    60.1169274 56.7721465
    60.1173936 56.7718456
    60.1177114 56.7716424
    60.1177255 56.7714241
    60.1176587 56.7712623
    60.1179527 56.7712284
    60.1180891 56.7709856
    60.1182969 56.7708192
    60.1187166 56.7706688
    60.1191233 56.7704721
    60.119282 56.770349
    60.1195013 56.7702609
    60.1197124 56.7700478
    60.1201271 56.7698301
    60.1204747 56.7697417
    60.120976 56.7695887
    60.1213816 56.7694952
    60.1218384 56.7693298
    60.1220876 56.769166
    60.1225926 56.7689622
    60.1233374 56.7688279
    60.1239973 56.7686791
    60.1241558 56.7685565
    60.1247053 56.7684556
    60.1250635 56.7684126
    60.1254242 56.7683863
    60.1258902 56.7683286
    60.1261215 56.7683131
    60.1263201 56.7680194
    60.1265591 56.7679004
    60.1267942 56.7677015
    60.127022 56.7676262
    60.1272585 56.7674115
    60.1273051 56.7673073
    60.1274551 56.767236
    60.1276388 56.7672543
    60.1277525 56.7671406
    60.1282392 56.7670699
    60.1285994 56.7669076
    60.1288439 56.7666945
    60.1291087 56.7664774
    60.1296166 56.7662011
    60.129946 56.7659557
    60.1304186 56.7658132
    60.1307258 56.7656049
    60.1311803 56.7653184
    60.1315913 56.7652146
    60.1317252 56.7651286
    60.1315199 56.7649479
    60.1317721 56.7647542
    60.1321743 56.7644119
    60.1325995 56.7642044
    60.1330767 56.7640805
    60.1335541 56.7640633
    60.1340882 56.7639956
    60.1343873 56.7637974
    60.1347274 56.763592
    60.1351156 56.7632294
    60.1357495 56.763282
    60.1359843 56.7634275
    60.1365054 56.7634327
    60.136941 56.7632632
    60.1373535 56.7632658
    60.1377141 56.7633533
    60.137876 56.7633809
    60.1380734 56.7632918
    60.1384767 56.7632594
    60.1390166 56.7630539
    60.1391237 56.762971
    60.1390571 56.7628124
    60.1394369 56.7626287
    60.1395957 56.7623949
    60.1398767 56.7622368
    60.140258 56.7621085
    60.1403294 56.7617302
    60.1404433 56.7614974
    60.1405579 56.761233
    60.1406712 56.7609514
    60.140716 56.7607537
    60.1411355 56.760533
    60.1415911 56.7603663
    60.1418754 56.7602948
    60.142324 56.7602778
    60.1426036 56.7602115
    60.1427968 56.7601741
    60.1429611 56.7601025
    60.143382 56.7601564
    60.1438564 56.7601217
    60.1443693 56.760062
    60.1443833 56.7598301
    60.1453415 56.7598014
    60.1449884 56.7596869
    60.145939 56.759556
    60.1462309 56.7594146
    60.1468956 56.7593123
    60.1471939 56.7591991
    60.147056 56.7590143
    60.1472326 56.7586767
    60.1473782 56.758487
    60.1479369 56.7583187
    60.1483726 56.7580427
    60.148772 56.7578464
    60.1491524 56.7577372
    60.1494277 56.7576502
    60.1498534 56.7575862
    60.1503531 56.7575049
    60.1507149 56.75737
    60.1510208 56.7571407
    60.1513651 56.7569352
    60.1519149 56.7568274
    60.152349 56.7567668
    60.1525068 56.7564786
    60.152921 56.7561814
    60.1535142 56.7559795
    60.1538876 56.7558358
    60.1542447 56.7556382
    60.1542513 56.7554327
    60.1541427 56.7552246
    60.1541458 56.7549859
    60.1544292 56.754782
    60.1546566 56.7546085
    60.1548932 56.7543503
    60.1550779 56.754205
    60.1556327 56.7540345
    60.1561063 56.7538622
    60.1560362 56.7536754
    60.1557675 56.7535428
    60.1557815 56.7533805
    60.1562333 56.7532582
    60.1565442 56.7531438
    60.1565817 56.7530114
    60.1569486 56.7528505
    60.1573036 56.7527113
    60.1577724 56.7526407
    60.1580559 56.7525658
    60.1584269 56.7522402
    60.1591587 56.7520741
    60.1594299 56.7519557
    60.1601287 56.7516081
    60.1606328 56.7514453
    60.1610044 56.7512906
    60.1613342 56.7511725
    60.1617591 56.7511224
    60.1621573 56.7510669
    60.1623216 56.7508282
    60.1622003 56.7508128
    60.1626833 56.7505423
    60.1627394 56.7503754
    60.1628856 56.7501411
    60.1631022 56.7499833
    60.1635634 56.7500646
    60.1637501 56.7502238
    60.1639051 56.7504126
    60.1636098 56.7505975
    60.16389 56.7508137
    60.1643793 56.7506875
    60.1646726 56.7505264
    60.1648239 56.7504106
    60.1650335 56.7504163
    60.165388 56.7503029
    60.1654183 56.7501269
    60.1657063 56.7501726
    60.1662701 56.7501284
    60.1666661 56.7500043
    60.1669243 56.7499125
    60.1671931 56.7496521
    60.1673511 56.7492552
    60.1680967 56.7488206
    60.1685427 56.7473391
    60.1678341 56.7457045
    60.1687607 56.7450922
    60.1693919 56.7440105
    60.1690114 56.7424524
    60.1663538 56.7423799
    60.1698287 56.7399775
    60.1735881 56.7373781
    60.1746266 56.7365277
    60.1814396 56.7309484
    60.1874698 56.7329771
    60.1953258 56.7299545
    60.2042672 56.726514
    60.2047032 56.7263462
    60.2354206 56.7219463
    60.2427524 56.7194209
    60.2554586 56.7149181
    60.2533938 56.7101617
    60.2628481 56.7015707
    60.2623162 56.6963055
    60.2688297 56.6969724
    60.2709722 56.6946106
    60.2697475 56.693159
    60.2678771 56.6916163
    60.2658626 56.690404
    60.2672209 56.689979
    60.2663041 56.6894434
    60.2658876 56.6892516
    60.2655728 56.689017
    60.2653865 56.6888486
    60.2654516 56.6885156
    60.2656007 56.6882491
    60.2655416 56.6880569
    60.2652687 56.6877895
    60.2645604 56.6873807
    60.2641771 56.6871298
    60.2639088 56.6868329
    60.2638568 56.6865552
    60.2638268 56.6862708
    60.2638738 56.6860118
    60.2640331 56.6858536
    60.26425 56.6855988
    60.2644057 56.6853729
    60.2644253 56.6850898
    60.2658766 56.6843276
    60.2660003 56.6842623
    60.2670861 56.6836863
    60.2672403 56.6836043
    60.2687166 56.6828212
    60.273173 56.6829507
    60.2755163 56.6832859
    60.277481 56.6821216
    60.2806081 56.6828424
    60.2848445 56.6831759
    60.285148 56.6829014
    60.2859418 56.6821837
    60.2870834 56.6811514
    60.2899636 56.6785469
    60.2912997 56.6735726
    60.2896607 56.6731554
    60.2928633 56.6699881
    60.2932118 56.6696435
    60.2935483 56.6693107
    60.3072647 56.6672322
    60.3074777 56.6671998
    60.3102323 56.6668355
    60.3104183 56.6668244
    60.3104373 56.6668117
    60.3105322 56.6667367
    60.3147578 56.6660959
    60.3148478 56.6660731
    60.3153638 56.6658838
    60.3158379 56.6657629
    60.3164448 56.6655958
    60.3167852 56.6654734
    60.3169183 56.6653184
    60.3171109 56.6652563
    60.3174362 56.6651455
    60.3177736 56.6650489
    60.3178941 56.6650263
    60.3186623 56.6648319
    60.3190156 56.6647932
    60.319223 56.6647129
    60.3195176 56.6645675
    60.3197517 56.6644531
    60.3200416 56.6643315
    60.3204208 56.6641857
    60.3206734 56.6640629
    60.3210657 56.6639406
    60.3212518 56.6638557
    60.3216564 56.6636249
    60.3218447 56.6634616
    60.3219724 56.6632114
    60.3220879 56.6632109
    60.3223295 56.6631825
    60.3226308 56.6630959
    60.3227567 56.6629396
    60.3226959 56.6625588
    60.3225657 56.6623118
    60.3224676 56.6621555
    60.322347 56.6619873
    60.3222205 56.6618404
    60.3221975 56.6617389
    60.3220662 56.6615306
    60.3219418 56.6614184
    60.3216459 56.6607763
    60.3216031 56.6604035
    60.3216252 56.6601633
    60.3216187 56.6596238
    60.3213921 56.659457
    60.3218806 56.658858
    60.321941 56.6585661
    60.3219493 56.658416
    60.321847 56.6583387
    60.3218757 56.6581514
    60.3217716 56.6580075
    60.3215825 56.6577684
    60.3215273 56.6575477
    60.3211625 56.657219
    60.3206364 56.6569987
    60.3202675 56.6567147
    60.3210556 56.6565528
    60.3217592 56.6564919
    60.3219389 56.6564264
    60.3220098 56.656321
    60.3217926 56.6562134
    60.3217418 56.6560998
    60.3219835 56.6557976
    60.322135 56.6559992
    60.3223266 56.6559423
    60.3224055 56.6558938
    60.3224075 56.6557392
    60.322562 56.6555317
    60.3225533 56.6552629
    60.3223198 56.6550864
    60.3221831 56.6548792
    60.3226327 56.6548363
    60.3228068 56.6547858
    60.3231978 56.6547677
    60.3234905 56.6548467
    60.3235556 56.6548912
    60.323942 56.655034
    60.324339 56.6551796
    60.3243854 56.6551766
    60.3247465 56.6552338
    60.3247864 56.6552769
    60.3254037 56.6553429
    60.325442 56.655383
    60.3262357 56.6554961
    60.326867 56.6556958
    60.3274741 56.6558201
    60.3281712 56.6557573
    60.3285943 56.6557616
    60.3294359 56.65588
    60.3301641 56.6561091
    60.3304861 56.6562549
    60.3306061 56.656327
    60.3310979 56.6564307
    60.3314678 56.6564923
    60.3317215 56.6565747
    60.3321001 56.656624
    60.3325307 56.6566867
    60.3328302 56.6567427
    60.3332674 56.6567592
    60.3340482 56.6566166
    60.3348557 56.6563267
    60.335477 56.6561639
    60.3356249 56.6561242
    60.3360188 56.6560257
    60.3365356 56.6558103
    60.3368671 56.6556835
    60.3370593 56.655545
    60.337363 56.6554289
    60.3373938 56.6553853
    60.337477 56.6553312
    60.3375516 56.6552389
    60.3376881 56.6551586
    60.3379022 56.6549192
    60.3381727 56.6547451
    60.3383303 56.6544911
    60.3385442 56.6542085
    60.3394173 56.6540564
    60.3398632 56.653991
    60.3404391 56.6539524
    60.3405776 56.6539074
    60.3406652 56.6539091
    60.3408787 56.6539221
    60.3409972 56.6539177
    60.3412546 56.6538665
    60.3416191 56.65393
    60.3421202 56.6538472
    60.3427116 56.6538382
    60.3431699 56.6538359
    60.3435258 56.6538399
    60.3438307 56.6538576
    60.3444073 56.6538069
    60.3445549 56.6538077
    60.3447189 56.6538037
    60.3569107 56.6568219
    60.3571446 56.6568806
    60.3573907 56.6569423
    60.3579757 56.6570471
    60.3588394 56.6572018
    60.3612854 56.6576057
    60.365676 56.6583045
    60.3695745 56.6589248
    60.3716907 56.659276
    60.3730178 56.659496
    60.3736285 56.6595973
    60.3736681 56.6596489
    60.3834744 56.6612454
    60.3898167 56.6622774
    60.3942659 56.6629908
    60.3968175 56.6633998
    60.3968803 56.6633293
    60.4010238 56.6640493
    60.4010295 56.6640777
    60.4013241 56.6641215
    60.4032871 56.6644132
    60.4041405 56.66454
    60.4046721 56.6645825
    60.4063064 56.6648285
    60.407181 56.6649749
    60.4075854 56.6651105
    60.4118153 56.666777
    60.4127999 56.6671849
    60.4152758 56.6682106
    60.4161878 56.6684888
    60.4182364 56.6692967
    60.4199624 56.6700413
    60.4201088 56.6700546
    60.4203217 56.6701552
    60.424563 56.6705137
    60.4333552 56.671293
    60.430865 56.6698205
    60.429869 56.6683677
    60.4297694 56.6672644
    60.4296997 56.6671009
    60.4295519 56.6667291
    60.4295203 56.666648
    60.4294879 56.6665866
    60.4293728 56.6662793
    60.4289548 56.6644635
    60.4289164 56.6641142
    60.4301719 56.6633251
    60.4303429 56.6632697
    60.4304644 56.6632546
    60.4325882 56.6630112
    60.4331167 56.6629781
    60.4339778 56.6628814
    60.434108 56.6626695
    60.4340232 56.6625345
    60.4327024 56.6620395
    60.4318702 56.6617417
    60.4311135 56.6614462
    60.4304328 56.6611077
    60.4299655 56.6608208
    60.4274962 56.6585607
    60.4270509 56.6582929
    60.4258908 56.6575951
    60.4256986 56.6574879
    60.425532 56.6573942
    60.423487 56.6564034
    60.4225729 56.6559457
    60.422256 56.655783
    60.41913 56.6541788
    60.4155424 56.6523375
    60.411574 56.6503003
    60.4110505 56.6500412
    60.4107329 56.649884
    60.4104161 56.6497272
    60.4101974 56.6496189
    60.410104 56.6495727
    60.4097928 56.6494187
    60.4094811 56.6492643
    60.4091716 56.649111
    60.4088576 56.6489556
    60.4085045 56.6487808
    60.4089068 56.6486421
    60.4090792 56.6485827
    60.4094254 56.6484632
    60.4097346 56.6483567
    60.4100505 56.6482479
    60.4103778 56.648135
    60.4107113 56.64802
    60.4110543 56.6479017
    60.4114116 56.6477786
    60.4118487 56.6476278
    60.4125558 56.6473839
    60.4117514 56.6462504
    60.4116292 56.6461558
    60.4113914 56.6459716
    60.411153 56.6457871
    60.4109212 56.6456077
    60.4106946 56.6454322
    60.4104654 56.6452547
    60.4102499 56.6450879
    60.4100281 56.6449161
    60.4098149 56.6447511
    60.4096013 56.6445857
    60.4093937 56.644425
    60.4091854 56.6442636
    60.4089824 56.6441064
    60.4087819 56.6439511
    60.4085857 56.6437992
    60.408389 56.6436469
    60.4082754 56.643559
    60.408012 56.6433551
    60.4083272 56.6431774
    60.4083884 56.6431428
    60.4087154 56.6429585
    60.409006 56.6427947
    60.4092748 56.642643
    60.4095363 56.6424955
    60.4097436 56.6423786
    60.4097656 56.6423617
    60.4099008 56.642258
    60.4101046 56.6421016
    60.4107376 56.6416164
    60.4306569 56.6337933
    60.4324931 56.6326945
    60.4346186 56.6318459
    60.4357586 56.6313908
    60.4382876 56.630381
    60.4385315 56.6302836
    60.439754 56.6298518
    60.4401757 56.629715
    60.4403951 56.6296285
    60.4469939 56.6269205
    60.4488638 56.6261335
    60.447395 56.6245239
    60.4472257 56.624411
    60.446533 56.623732
    60.444659 56.6218947
    60.4435305 56.6209802
    60.4428115 56.6201384
    60.4419151 56.6193027
    60.441833 56.6191933
    60.4402649 56.6178756
    60.4382487 56.6157768
    60.4382886 56.6156686
    60.4387555 56.6155958
    60.4450099 56.6142365
    60.4456596 56.6140834
    60.4467547 56.6138919
    60.4472872 56.6137874
    60.4478361 56.6136853
    60.4482373 56.6135951
    60.449429 56.6133374
    60.449835 56.6132554
    60.4502347 56.61317
    60.4506304 56.6130818
    60.4510365 56.6129988
    60.4514276 56.6129161
    60.4518258 56.6128316
    60.4522222 56.612742
    60.4526178 56.6126535
    60.4530195 56.6125697
    60.4534248 56.6124849
    60.4538234 56.6124021
    60.454225 56.6123187
    60.4546231 56.6122342
    60.4550193 56.6121454
    60.4554202 56.6120611
    60.4562266 56.6118846
    60.4566182 56.6117989
    60.4566954 56.611787
    60.4567133 56.6117826
    60.4573661 56.6116427
    60.4582518 56.6114061
    60.4606436 56.6108983
    60.4673871 56.6094725
    60.4689899 56.6091335
    60.4700789 56.6089032
    60.486515 56.6055236
    60.4874198 56.6053195
    60.4874364 56.6053158
    60.4884606 56.6050953
    60.4976683 56.6031079
    60.5000048 56.6082895
    60.5057933 56.609589
    60.5053136 56.6082632
    60.5053093 56.6082486
    60.5053132 56.6082498
    60.5102011 56.609787
    60.519906 56.6111732
    60.523061 56.6070114
    60.5197237 56.607114
    60.5204052 56.606064
    60.5093896 56.6059843
    60.5083751 56.6054286
    60.5312609 56.6030503
    60.5374381 56.5997017
    60.5413486 56.5937449
    60.5429766 56.5948808
    60.5434672 56.598852
    60.5415153 56.5998637
    60.5385081 56.6018998
    60.537772 56.6042778
    60.5329923 56.6078698
    60.5347802 56.6127368
    60.5419431 56.6119679
    60.5432867 56.6153818
    60.5587717 56.6136954
    60.5559003 56.604966
    60.5617661 56.6031838
    60.5730641 56.6065877
    60.5798175 56.6056291
    60.5841152 56.6078704
    60.5810615 56.6082032
    60.5765943 56.609578
    60.5770502 56.6110118
    60.5778486 56.6131534
    60.5788236 56.6157353
    60.579305 56.6173653
    60.5798822 56.6184793
    60.5798786 56.6186251
    60.5798899 56.6187797
    60.5805938 56.6205608
    60.5810301 56.6219014
    60.5815001 56.62332
    60.5893571 56.6201172
    60.5900192 56.6203792
    60.5905746 56.6205996
    60.5915225 56.6209755
    60.592263 56.6212776
    60.5923526 56.6212482
    60.5924952 56.6213088
    60.5925701 56.6213382
    60.5927886 56.6214243
    60.593672 56.621772
    60.5960197 56.6203824
    60.5963098 56.6202106
    60.6020905 56.6167885
    60.6030813 56.6165543
    60.6033966 56.6164778
    60.6037739 56.6163692
    60.6329945 56.6090921
    60.6383693 56.6077405
    60.6416977 56.6069028
    60.64301 56.6065726
    60.6470866 56.6120547
    60.6471126 56.6120899
    60.6471475 56.6121369
    60.6471809 56.6121818
    60.6471888 56.6121924
    60.6473578 56.6124205
    60.6486065 56.6140985
    60.648683 56.6142013
    60.6500176 56.6159998
    60.6524955 56.6193784
    60.6509362 56.6195565
    60.6499541 56.6196692
    60.6469583 56.6200098
    60.6388318 56.6209354
    60.6333497 56.6215369
    60.6297982 56.621945
    60.6290057 56.6226948
    60.6289721 56.6227265
    60.6279741 56.6236707
    60.6267415 56.6248435
    60.623509 56.6278942
    60.6204429 56.6311222
    60.6157671 56.6283513
    60.6141667 56.6279696
    60.6092486 56.630708
    60.6098307 56.6309569
    60.6112592 56.6315911
    60.6119475 56.6318219
    60.6142169 56.6330665
    60.6140261 56.6331169
    60.6149822 56.6341455
    60.6156461 56.6338957
    60.6178088 56.6330741
    60.6197178 56.6316601
    60.6166679 56.634418
    60.6165785 56.634503
    60.6162355 56.6348399
    60.6204898 56.6370737
    60.6219902 56.6414117
    60.622158 56.6419009
    60.6223082 56.6423375
    60.6224042 56.6426156
    60.6228204 56.6438133
    60.6229168 56.6440907
    60.6209402 56.6444318
    60.6205832 56.6444934
    60.6189573 56.6447748
    60.6170524 56.6451026
    60.6124124 56.645903
    60.6122615 56.6457208
    60.6120634 56.6457541
    60.6122091 56.645938
    60.6077718 56.6467033
    60.6050136 56.6427908
    60.6006982 56.643301
    60.5991349 56.6422682
    60.6008029 56.6409036
    60.6013091 56.6404901
    60.6009394 56.6403002
    60.600574 56.6405206
    60.600216 56.6403678
    60.6000679 56.6403043
    60.6000854 56.6401078
    60.6002459 56.6399498
    60.6003201 56.6398765
    60.6004291 56.6397693
    60.5996955 56.6392216
    60.6002168 56.6388264
    60.6000049 56.6386558
    60.6015202 56.6378924
    60.6020419 56.6379123
    60.6053972 56.6345753
    60.6039755 56.6339107
    60.6034163 56.6341198
    60.6031975 56.6341971
    60.6029785 56.6342654
    60.6022802 56.6344347
    60.6020586 56.6344578
    60.60171 56.6344417
    60.6016445 56.6344195
    60.6016362 56.6344151
    60.6016035 56.6344062
    60.6011458 56.6342546
    60.6010705 56.63423
    60.6009813 56.6342024
    60.5971269 56.6341655
    60.5947252 56.633736
    60.5917844 56.633201
    60.5915135 56.6329357
    60.5906936 56.6321326
    60.5903466 56.6317973
    60.5911672 56.6299303
    60.5920848 56.6270908
    60.5841165 56.624352
    60.5823261 56.6237048
    60.5823362 56.6236962
    60.5821181 56.6236177
    60.582109 56.6236255
    60.5815742 56.6234305
    60.5814525 56.6236081
    60.5813646 56.6236599
    60.5815731 56.6238985
    60.5824107 56.6248784
    60.5824088 56.62488
    60.582528 56.6250197
    60.5819193 56.6255148
    60.5819244 56.6255169
    60.5830689 56.6258611
    60.5833775 56.6259538
    60.5836012 56.6261803
    60.5837032 56.6262833
    60.5838219 56.6264288
    60.5841138 56.6267872
    60.5843709 56.6271024
    60.5846289 56.6274193
    60.584312 56.6276082
    60.5839357 56.6278323
    60.5837144 56.6279642
    60.5831242 56.6283159
    60.5827091 56.6285631
    60.5822914 56.628812
    60.5822201 56.6288542
    60.5819099 56.6290757
    60.5815184 56.6293549
    60.5811174 56.6296407
    60.58071 56.6299313
    60.5804306 56.6301305
    60.5802836 56.6302359
    60.5797982 56.6305837
    60.5794236 56.6308478
    60.5793113 56.6309049
    60.5788166 56.6311461
    60.574523 56.6332402
    60.5740281 56.6334817
    60.5735948 56.633693
    60.5733599 56.6338075
    60.573144 56.633889
    60.5726541 56.6340736
    60.5723846 56.6341752
    60.5717919 56.6343986
    60.5711791 56.6346297
    60.5705864 56.6348532
    60.5702363 56.6349852
    60.5698725 56.6351222
    60.5694954 56.6352644
    60.569068 56.6354254
    60.5685868 56.6356069
    60.5679435 56.6358494
    60.5678576 56.6358819
    60.5682536 56.6360389
    60.5683092 56.6360872
    60.5684467 56.6362115
    60.5685727 56.6363205
    60.5689767 56.6366704
    60.5692848 56.6369376
    60.5696785 56.637278
    60.569967 56.6375276
    60.5702538 56.6377758
    60.5705484 56.6380307
    60.5708435 56.6382862
    60.5711956 56.6385909
    60.5712466 56.6386404
    60.5716536 56.6389938
    60.5719806 56.6392704
    60.5722582 56.6395106
    60.5724499 56.6396766
    60.5725119 56.6397302
    60.5727072 56.6398991
    60.5734305 56.6405254
    60.5733485 56.6405355
    60.5731587 56.6405899
    60.5731214 56.6406006
    60.5724918 56.6400558
    60.5724016 56.6400869
    60.5722322 56.6399443
    60.5683722 56.641323
    60.5667129 56.6414166
    60.5664955 56.6415261
    60.5663536 56.6416138
    60.5658156 56.6417909
    60.5657138 56.6418245
    60.5642793 56.6422968
    60.5641384 56.6423432
    60.5635536 56.6425356
    60.5601099 56.6436693
    60.5621301 56.6452827
    60.5624824 56.645564
    60.5634934 56.6463711
    60.5648586 56.6481811
    60.5649484 56.6482145
    60.5650366 56.6482471
    60.5664031 56.6487584
    60.5667541 56.6490816
    60.5670035 56.6492705
    60.5673792 56.6495949
    60.5678602 56.6494259
    60.5683412 56.6492569
    60.5688323 56.6490843
    60.5691387 56.6490054
    60.5689865 56.6488429
    60.5693385 56.648728
    60.5691491 56.6485536
    60.5701282 56.6482307
    60.5706176 56.6480692
    60.5706379 56.6480626
    60.5711348 56.6478993
    60.5716241 56.6477375
    60.5716375 56.647733
    60.5716918 56.6476733
    60.5701757 56.6456529
    60.5771203 56.6442179
    60.5773742 56.6441332
    60.577484 56.6440945
    60.5782125 56.6448561
    60.5801075 56.6473539
    60.5804486 56.6473425
    60.5807396 56.6473327
    60.5813798 56.6473113
    60.5814236 56.6473099
    60.5818899 56.6472943
    60.5819249 56.6472931
    60.5820136 56.64729
    60.5823006 56.647217
    60.5826454 56.6471292
    60.583 56.647039
    60.5833546 56.6469487
    60.5838823 56.6468143
    60.5840792 56.6467643
    60.5846347 56.646623
    60.5851415 56.646494
    60.5857437 56.6463408
    60.585766 56.6463351
    60.5862817 56.646204
    60.5866557 56.6461088
    60.5903061 56.6457737
    60.5904905 56.6437036
    60.5899544 56.6432672
    60.5898625 56.6431926
    60.5897949 56.6429179
    60.5897719 56.6428265
    60.5902083 56.6426079
    60.590173 56.6425259
    60.5901179 56.6423667
    60.5902284 56.6423546
    60.5902571 56.642407
    60.5902651 56.6424058
    60.5904724 56.6423685
    60.5906083 56.6423441
    60.5908285 56.6423067
    60.591305 56.641096
    60.5927983 56.6409015
    60.5928892 56.6408874
    60.5934553 56.6408026
    60.5935591 56.6407903
    60.5937624 56.6410767
    60.5941174 56.6413976
    60.5947466 56.6417591
    60.5959906 56.6423108
    60.5969217 56.6427003
    60.5976855 56.643106
    60.5979053 56.6432202
    60.5981173 56.6433521
    60.5981827 56.6433764
    60.5982615 56.6434368
    60.5983417 56.6437457
    60.5983716 56.6439818
    60.598375 56.6441846
    60.5983605 56.6446363
    60.5983598 56.6457216
    60.5983432 56.6465777
    60.5983334 56.6467094
    60.5982788 56.6468664
    60.5981329 56.6470791
    60.5980498 56.6471429
    60.5977816 56.6472935
    60.5975685 56.6474476
    60.5974731 56.6475013
    60.597359 56.6475724
    60.5972844 56.6476533
    60.5970518 56.6480951
    60.5969935 56.6481779
    60.5966187 56.649184
    60.5963691 56.6498308
    60.5960552 56.6506186
    60.5959953 56.6507604
    60.595918 56.6509535
    60.5954684 56.65195
    60.595163 56.6527566
    60.5950793 56.6529692
    60.5949571 56.6532449
    60.5948495 56.6534815
    60.5945752 56.6537957
    60.594338 56.6543106
    60.5944642 56.654344
    60.5951116 56.6537036
    60.5962953 56.6523725
    60.5971684 56.6513677
    60.5980125 56.6505283
    60.5988954 56.6498281
    60.5995003 56.6494656
    60.6000501 56.6490744
    60.6011368 56.6485077
    60.6019554 56.6483092
    60.6033588 56.6479676
    60.6052181 56.6475141
    60.606778 56.6472308
    60.6079771 56.6471262
    60.6080016 56.6471233
    60.6082524 56.647645
    60.6082303 56.6476475
    60.6094398 56.6501376
    60.6110095 56.6533043
    60.6167878 56.6530574
    60.6221657 56.653172
    60.6242771 56.6531699
    60.6284609 56.6530288
    60.6329643 56.6525572
    60.6374201 56.6521736
    60.6396266 56.6518974
    60.6490935 56.6513467
    60.6553953 56.6512843
    60.6557521 56.6552142
    60.6566245 56.6685084
    60.6566626 56.6690882
    60.6568738 56.6704372
    60.6569562 56.6715045
    60.6568812 56.6726142
    60.6568375 56.6732527
    60.6568367 56.6733053
    60.6568359 56.6733717
    60.6568352 56.6734467
    60.6568324 56.6736395
    60.656873 56.6736753
    60.6569732 56.6737444
    60.6569614 56.6740442
    60.6569472 56.6744084
    60.6592163 56.6750693
    60.662871 56.6761468
    60.6756257 56.6799376
    60.6850199 56.6827281
    60.6956073 56.6858277
    60.7014533 56.6875179
    60.7017567 56.6876056
    60.7023069 56.6877647
    60.7026456 56.6878626
    60.7045675 56.6884181
    60.7047535 56.6884718
    60.7097059 56.6899033
    60.7096569 56.6899426
    60.7101595 56.690094
    60.7103037 56.6901135
    60.7103516 56.6900899
    60.7103545 56.6900907
    60.7114296 56.6904014
    60.7119168 56.6905438
    60.7121379 56.6906085
    60.7123451 56.690669
    60.7125552 56.6907304
    60.7127796 56.6907961
    60.7129708 56.6908519
    60.7131712 56.6909105
    60.7295388 56.6956928
    60.7309853 56.6961062
    60.7315076 56.6962613
    60.7366684 56.697774
    60.7366608 56.6977915
    60.7365987 56.6982479
    60.7365828 56.6983671
    60.7363956 56.699744
    60.7363803 56.7000798
    60.7366219 56.6998959
    60.7366536 56.6998798
    60.7381692 56.6992114
    60.7499698 56.6956358
    60.7503646 56.6955156
    60.7527711 56.6949988
    60.7539879 56.6949359
    60.7593818 56.6946162
    60.7604229 56.6945545
    60.765882 56.6945825
    60.7743799 56.6946323
    60.7788297 56.6947215
    60.7787484 56.6951055
    60.7787634 56.6981098
    60.7789804 56.6982897
    60.7790825 56.6983214
    60.7792538 56.6984865
    60.7790947 56.6988256
    60.779072 56.6996368
    60.7839134 56.699809
    60.783967 56.7010393
    60.7779797 56.7009386
    60.7730458 56.7008554
    60.7687899 56.7007835
    60.7681751 56.7002413
    60.7677161 56.7002439
    60.7674587 56.7002454
    60.7673606 56.6968935
    60.767328 56.6968946
    60.7651181 56.6969467
    60.7650591 56.6969132
    60.7650433 56.6948727
    60.7650429 56.6948263
    60.7650372 56.6947964
    60.7640983 56.6947883
    60.7617481 56.6947644
    60.7592874 56.6947991
    60.7570941 56.6949335
    60.7561551 56.6949852
    60.7552696 56.6951074
    60.7529033 56.6954852
    60.7528257 56.6955107
    60.7520476 56.6958603
    60.750867 56.6972827
    60.7505655 56.6978569
    60.7503333 56.6984667
    60.7502964 56.6987447
    60.7501964 56.6991913
    60.7501423 56.6994327
    60.7494942 56.7015274
    60.7493821 56.7016982
    60.7493819 56.7017022
    60.7493819 56.7017033
    60.7493763 56.7018071
    60.7492585 56.7020569
    60.7491552 56.7022601
    60.748923 56.7026994
    60.7484985 56.7034642
    60.7475666 56.7043815
    60.7471777 56.7047487
    60.7469685 56.7049498
    60.7460386 56.7055222
    60.7455991 56.7057573
    60.7440837 56.7065534
    60.7440828 56.7065585
    60.7433778 56.7085027
    60.7380936 56.7119476
    60.7379766 56.7119595
    60.7379118 56.7120167
    60.7382406 56.7122742
    60.7388307 56.7126356
    60.7396541 56.7130773
    60.7404492 56.7135373
    60.7412934 56.7142726
    60.7425886 56.7153107
    60.743802 56.7161363
    60.7438613 56.7161809
    60.7439932 56.7162636
    60.7441061 56.7162935
    60.7446355 56.7163516
    60.7444494 56.7167562
    60.744397 56.7167147
    60.7440803 56.7171725
    60.7435686 56.7170273
    60.743709 56.7167339
    60.7428066 56.7165525
    60.7418237 56.7182282
    60.7418121 56.7182477
    60.7413966 56.7181585
    60.7411969 56.7181161
    60.7401791 56.7196508
    60.7394088 56.7208815
    60.7394779 56.7211233
    60.7393797 56.7212355
    60.7374621 56.7226206
    60.7369316 56.7251715
    60.7369043 56.725305
    60.7369428 56.7256161
    60.7369269 56.7257253
    60.7369716 56.7259298
    60.7370745 56.726629
    60.7370803 56.7266783
    60.7370915 56.726756
    60.7370923 56.7267703
    60.7371068 56.726814
    60.7371178 56.7269435
    60.7370734 56.7271063
    60.7370832 56.7274001
    60.7368127 56.7274366
    60.7363012 56.7274581
    60.7357751 56.7274887
    60.735249 56.7275193
    60.7347242 56.7275511
    60.7341927 56.7275827
    60.7339077 56.727602
    60.7336308 56.7276208
    60.7331788 56.7276333
    60.7331088 56.7276249
    60.7330546 56.7276282
    60.7329905 56.7276253
    60.7327392 56.7276402
    60.73249 56.7276551
    60.7319495 56.7276963
    60.7316941 56.7277179
    60.7314453 56.727739
    60.7312054 56.727753
    60.7309502 56.7277678
    60.7304493 56.7277997
    60.7299473 56.7278414
    60.7294387 56.7278605
    60.7289368 56.7278894
    60.7282757 56.7279328
    60.72818 56.7279389
    60.7281019 56.7279439
    60.7278925 56.7282739
    60.7276797 56.7283234
    60.7273605 56.7289311
    60.725662 56.728705
    60.7250469 56.7286162
    60.7249894 56.7286247
    60.7243598 56.728515
    60.7243287 56.7285095
    60.7242359 56.7284934
    60.7240969 56.7284768
    60.7240632 56.7284752
    60.723315 56.7288572
    60.7229223 56.7291
    60.7223836 56.7294333
    60.7218824 56.7297085
    60.7213483 56.7299192
    60.7195714 56.7306754
    60.7194319 56.7306871
    60.721005 56.7312251
    60.7211195 56.7312432
    60.7212929 56.7312812
    60.7224919 56.7315462
    60.7228958 56.7316424
    60.7227083 56.7321936
    60.723432 56.7328082
    60.7236067 56.7329147
    60.7246397 56.7333354
    60.7252243 56.7336835
    60.7267252 56.7345774
    60.7276896 56.7351843
    60.7295363 56.7363471
    60.730766 56.7370515
    60.731097 56.7372347
    60.7312133 56.7373779
    60.7317446 56.7376533
    60.7317802 56.7376887
    60.7317948 56.7376816
    60.7326916 56.738198
    60.7327264 56.738218
    60.732916 56.7383877
    60.7329571 56.7384185
    60.7335638 56.7386987
    60.734223 56.7381506
    60.7345046 56.7379267
    60.7350156 56.7376802
    60.73512 56.7376298
    60.7355869 56.7374525
    60.7359666 56.7372712
    60.7363593 56.7370492
    60.7364894 56.7366116
    60.7365675 56.7364594
    60.737279 56.7361557
    60.738325 56.7360648
    60.7403592 56.735657
    60.7412945 56.7356652
    60.7415738 56.7355905
    60.7417612 56.7354458
    60.7419161 56.7353218
    60.7419253 56.7350196
    60.7420147 56.7344791
    60.7422603 56.7342211
    60.7423959 56.733979
    60.7425831 56.7331984
    60.7429448 56.7329127
    60.7508458 56.7323485
    60.7512816 56.7324229
    60.7520046 56.7329499
    60.752751 56.7334939
    60.7534159 56.7340348
    60.7536401 56.7342804
    60.7555482 56.7363806
    60.7591346 56.7405554
    60.760025 56.7412943
    60.761155 56.7420343
    60.761477 56.7422283
    60.7616897 56.7423536
    60.7620713 56.7426062
    60.7659195 56.7448655
    60.7678014 56.7459771
    60.7686159 56.7464685
    60.7691005 56.746345
    60.7733448 56.7452504
    60.7724464 56.7414598
    60.7746723 56.7413664
    60.7751051 56.7409059
    60.775696 56.7407828
    60.7767333 56.7405667
    60.7757326 56.7397054
    60.7769112 56.7393098
    60.7776363 56.7393306
    60.777824 56.7393762
    60.7783012 56.739225
    60.779178 56.7338694
    60.7821052 56.7337882
    60.7823748 56.7324973
    60.7824687 56.7325039
    60.783531 56.7323173
    60.7847225 56.7322195
    60.7853282 56.7320998
    60.7856802 56.7318595
    60.7852455 56.7301514
    60.7851677 56.7299081
    60.7853815 56.7298536
    60.7857036 56.7297936
    60.787621 56.7294363
    60.7907661 56.7288501
    60.7909931 56.7287566
    60.803 56.7238539
    60.8053071 56.7229114
    60.8151665 56.7188777
    60.818479 56.71753
    60.8192231 56.717001
    60.8195937 56.7167377
    60.8207709 56.7159008
    60.8207753 56.7158991
    60.8221991 56.7165083
    60.8222162 56.7165156
    60.822441 56.7166118
    60.8229514 56.7168301
    60.8232158 56.716934
    60.8234756 56.7170448
    60.8238183 56.7171906
    60.8243233 56.7174057
    60.8255791 56.717938
    60.8267029 56.7184146
    60.8269819 56.7185342
    60.828153 56.7190366
    60.8297748 56.7197272
    60.8301921 56.719782
    60.8326456 56.7201037
    60.8331828 56.7201746
    60.835144 56.7204322
    60.8356008 56.7204921
    60.8367879 56.7206479
    60.8373241 56.7207183
    60.8377044 56.7207682
    60.8379057 56.7207947
    60.8388428 56.721079
    60.8449266 56.7211237
    60.8480783 56.7182145
    60.8482877 56.7180312
    60.849295 56.7171493
    60.8494484 56.7170104
    60.850685 56.71589
    60.8523573 56.7143046
    60.8524848 56.7142128
    60.8528014 56.7139851
    60.8537233 56.7133218
    60.8544106 56.7126385
    60.85468 56.7123706
    60.8547544 56.7122969
    60.8547987 56.7122529
    60.8549732 56.7120977
    60.8552621 56.711841
    60.8556935 56.7114574
    60.8563165 56.7108559
    60.8566309 56.7105973
    60.8578422 56.7096013
    60.8584045 56.7090783
    60.8584264 56.7090579
    60.8587567 56.7087507
    60.8592627 56.7082798
    60.859604 56.7079859
    60.8599179 56.7077155
    60.8600257 56.7076227
    60.8601486 56.7075167
    60.8604074 56.707294
    60.8608245 56.7069347
    60.8611308 56.7066708
    60.8612497 56.7065643
    60.8615505 56.7062949
    60.8616537 56.7062024
    60.8622955 56.7056272
    60.86251 56.7054351
    60.8649528 56.7052
    60.865254 56.705171
    60.8659437 56.703793
    60.8656209 56.7030892
    60.8655272 56.7028904
    60.8655121 56.7028443
    60.8666179 56.7018657
    60.8669328 56.7015864
    60.8671811 56.7013664
    60.8677886 56.7008277
    60.8699289 56.6989414
    60.8702724 56.6986387
    60.8717085 56.6973729
    60.8717099 56.6973749
    60.8719118 56.6971966
    60.8720443 56.6970798
    60.8720431 56.697078
    60.8729964 56.6962393
    60.8735288 56.6957689
    60.8735583 56.6957431
    60.8736191 56.6957698
    60.8757004 56.6966726
    60.8756875 56.6966803
    60.8757515 56.6967084
    60.8757636 56.6967011
    60.8759723 56.6968053
    60.8789111 56.6980889
    60.8810717 56.6993828
    60.8811082 56.6993661
    60.8812199 56.6994356
    60.8811871 56.6994519
    60.8832998 56.700717
    60.8866404 56.7026363
    60.8900325 56.7045803
    60.8918597 56.705686
    60.891905 56.7057135
    60.8958902 56.7081268
    60.8964543 56.7086069
    60.8969712 56.7090539
    60.8973994 56.7093613
    60.8979816 56.7097725
    60.8986244 56.7101747
    60.8993945 56.7105746
    60.9006649 56.7111644
    60.9015091 56.7115532
    60.9026803 56.7120515
    60.9027762 56.7123556
    60.9032139 56.7125258
    60.9032452 56.7125381
    60.9068827 56.7139531
    60.9074346 56.7141678
    60.9076556 56.7139729
    60.9086343 56.714341
    60.9094495 56.7146478
    60.9096271 56.7147145
    60.9105964 56.7150544
    60.9107412 56.7151035
    60.9110661 56.7152135
    60.9112735 56.7152921
    60.9112948 56.7153002
    60.9113517 56.7152593
    60.9117584 56.7154125
    60.9117437 56.7154257
    60.9117326 56.7154356
    60.9117642 56.7154468
    60.9117564 56.7154537
    60.9120196 56.7155572
    60.9123941 56.7157364
    60.9124413 56.7157617
    60.9125551 56.7158222
    60.9126258 56.7158558
    60.9128259 56.7159514
    60.91306 56.7160632
    60.9130853 56.7160752
    60.9132489 56.7161517
    60.9132569 56.716146
    60.913313 56.7161077
    60.9134516 56.7161729
    60.9136218 56.716253
    60.914018 56.7164397
    60.913965 56.7165445
    60.9143843 56.716715
    60.912586 56.7170532
    60.9124332 56.7167836
    60.9091676 56.7173763
    60.9081642 56.7175373
    60.9080695 56.7176011
    60.9079273 56.7175021
    60.9075982 56.7175748
    60.9059137 56.7180649
    60.9047791 56.7184169
    60.9043905 56.718559
    60.9024317 56.7193153
    60.901302 56.7198825
    60.8996482 56.7208002
    60.8982216 56.7216196
    60.8972978 56.7221926
    60.8978846 56.7224785
    60.8975572 56.7226815
    60.8967754 56.7230956
    60.8963234 56.7228376
    60.8961179 56.7227204
    60.8958091 56.7228842
    60.8949556 56.7233856
    60.8943815 56.7237115
    60.8940064 56.7239245
    60.8928123 56.7244067
    60.8920867 56.7246586
    60.8914414 56.7248734
    60.8906627 56.7250706
    60.8901478 56.7252255
    60.8897998 56.7252902
    60.8887325 56.7254607
    60.8878802 56.7255315
    60.8870635 56.7255709
    60.8863613 56.7255952
    60.8853269 56.7255506
    60.8848167 56.7255167
    60.8838681 56.7254222
    60.8830131 56.7252971
    60.8816245 56.7250998
    60.8796978 56.7247928
    60.8775019 56.7244833
    60.877262 56.7244311
    60.8756992 56.7242022
    60.8752859 56.7241463
    60.875247 56.7242337
    60.8741331 56.7240834
    60.8729387 56.7239518
    60.8714309 56.7238773
    60.8703684 56.7239217
    60.869472 56.7239668
    60.8684701 56.7241015
    60.8666976 56.7244217
    60.8658864 56.7245813
    60.8657912 56.7251416
    60.8655657 56.7258177
    60.8663092 56.7265299
    60.8663918 56.7265863
    60.8671675 56.7273522
    60.8680609 56.728208
    60.8686595 56.7287815
    60.8692667 56.7293631
    60.8698676 56.7299829
    60.8702034 56.7303289
    60.8709487 56.7311152
    60.872527 56.7327356
    60.8734164 56.7336486
    60.8734607 56.7336941
    60.8739567 56.7341931
    60.8739977 56.7342455
    60.8746753 56.7349491
    60.8747167 56.7349959
    60.8757026 56.7366333
    60.8757594 56.7367004
    60.8761863 56.7374612
    60.8761917 56.7374703
    60.876238 56.7375529
    60.8764465 56.7379272
    60.8789814 56.738391
    60.8792968 56.7393572
    60.8795114 56.7402621
    60.8797096 56.7411001
    60.8801493 56.7427342
    60.8801764 56.7428103
    60.8802449 56.7430036
    60.8808958 56.7448441
    60.8817803 56.7473424
    60.8823906 56.7490667
    60.882634 56.7501827
    60.8827 56.7504853
    60.8829927 56.751827
    60.8830246 56.7519873
    60.8831259 56.7523932
    60.8836971 56.7527119
    60.8837052 56.752718
    60.8835549 56.7534303
    60.8845447 56.7534873
    60.8864555 56.7537831
    60.8866742 56.7538426
    60.886982 56.7539261
    60.8879145 56.7541791
    60.8893254 56.7547903
    60.8904372 56.7554689
    60.8913738 56.7562819
    60.8919976 56.7571769
    60.8926343 56.7582224
    60.8929779 56.758674
    60.893167 56.7589228
    60.8933866 56.7592113
    60.8942322 56.760009
    60.8951519 56.7605773
    60.8962403 56.7611284
    60.8971903 56.7615175
    60.898676 56.7619614
    60.8995462 56.7622432
    60.8998182 56.7622753
    60.8999931 56.762296
    60.9001385 56.7623132
    60.9015956 56.7624853
    60.9037354 56.7627382
    60.9045191 56.7627372
    60.90479 56.7627369
    60.9049549 56.7627368
    60.9051123 56.7627366
    60.9059345 56.7627357
    60.9059295 56.7629716
    60.9067433 56.7630114
    60.9077747 56.7631428
    60.90879 56.7633393
    60.9092944 56.7624476
    60.9097845 56.7623133
    60.9103687 56.7620632
    60.910472 56.7620192
    60.9105767 56.7619755
    60.9106524 56.7619608
    60.9108949 56.7619136
    60.9111507 56.7618638
    60.9118718 56.7617209
    60.9121107 56.7617888
    60.912489 56.7618964
    60.9128759 56.7620063
    60.9132543 56.7621138
    60.9136376 56.7622227
    60.914017 56.7623305
    60.9144008 56.7624396
    60.914547 56.7624811
    60.9147749 56.762552
    60.9149958 56.7626207
    60.9159912 56.7629659
    60.9166035 56.7627423
    60.9197967 56.7635356
    60.9187326 56.7645519
    60.9209357 56.7652012
    60.9206354 56.7655147
    60.9198403 56.766103
    60.9196936 56.7661848
    60.9193282 56.7663609
    60.9189377 56.7665808
    60.918732 56.7666967
    60.9185932 56.766775
    60.9185512 56.7667985
    60.9156447 56.7650849
    60.9155682 56.7651265
    60.9153616 56.7649742
    60.9148065 56.7646111
    60.9148087 56.7646787
    60.9149776 56.7649051
    60.9156275 56.7661852
    60.9159676 56.7668773
    60.9168632 56.7687005
    60.9179515 56.7721265
    60.9213938 56.7814342
    60.9227205 56.7851651
    60.9240528 56.7889117
    60.9246514 56.7904031
    60.9264798 56.7948784
    60.9267032 56.7954363
    60.9265855 56.7955482
    60.930183 56.8043514
    60.9303947 56.8043817
    60.9314512 56.8073177
    60.9316202 56.807787
    60.9316458 56.8078582
    60.9318599 56.8084624
    60.9319154 56.8086161
    60.9331269 56.8119738
    60.9332615 56.8123301
    60.933368 56.812612
    60.9334086 56.8127227
    60.9366234 56.8214805
    60.9381999 56.825471
    60.9389458 56.8273588
    60.9401954 56.8305209
    60.9404136 56.8313098
    60.9405339 56.8317437
    60.9414261 56.8349682
    60.9415582 56.8349724
    60.9415665 56.8352574
    60.9416629 56.8355071
    60.9430921 56.8397386
    60.9432814 56.8402997
    60.9402398 56.8405693
    60.938126 56.8408123
    60.9344098 56.8412242
    60.931407 56.841566
    60.9264123 56.8422142
    60.9214754 56.8427561
    60.908453 56.8440348
    60.9048671 56.8443782
    60.9006114 56.8448172
    60.8911162 56.8458641
    60.8888022 56.8460657
    60.8846206 56.8465989
    60.8781422 56.8473207
    60.874673 56.8476806
    60.8743519 56.8477181
    60.8732907 56.8478421
    60.8724971 56.8479349
    60.871624 56.8480369
    60.8627955 56.8490683
    60.8618642 56.849177
    60.8609019 56.8492893
    60.8488029 56.8503566
    60.8442687 56.8506829
    60.8399128 56.8511691
    60.8232839 56.8527348
    60.8174125 56.8532663
    60.8055837 56.8545777
    60.8046661 56.8546647
    60.8046488 56.854615
    60.8046422 56.8545967
    60.8035796 56.8547069
    60.795099 56.8555875
    60.7948499 56.8556135
    60.794718 56.8557224
    60.7942887 56.8555934
    60.7937994 56.8556419
    60.793778 56.8556614
    60.7931242 56.8556826
    60.7879678 56.8562362
    60.7833906 56.856672
    60.7753686 56.857477
    60.770968 56.857872
    60.771567 56.8601397
    60.7742748 56.860751
    60.7769444 56.8602415
    60.7798685 56.8609668
    60.7828445 56.8613563
    60.7851962 56.861519
    60.7879242 56.8619487
    60.7879935 56.8619579
    60.7881031 56.8619753
    60.7881164 56.8619786
    60.7892563 56.8621563
    60.7896139 56.8622119
    60.7910101 56.8635476
    60.7918383 56.8659593
    60.7903606 56.8656583
    60.7874541 56.8654899
    60.7855016 56.8662302
    60.7853825 56.8662701
    60.7832373 56.8668709
    60.7812769 56.8684982
    60.7811537 56.868584
    60.7801947 56.8684159
    60.7761898 56.8678194
    60.7742095 56.8675012
    60.7733279 56.8673726
    60.7732932 56.8690651
    60.7729975 56.86908
    60.7708534 56.8691368
    60.7663813 56.8702759
    60.7647486 56.8712956
    60.7622729 56.8712958
    60.7598363 56.8719256
    60.7580998 56.8720139
    60.7548523 56.8727408
    60.7532892 56.8732746
    60.7500255 56.8736616
    60.7490218 56.8736995
    60.7480175 56.8736206
    60.7470293 56.8735681
    60.7449243 56.8733635
    60.7438971 56.8732788
    60.7418287 56.8730339
    60.7417608 56.8732551
    60.7428054 56.8784234
    60.7433978 56.8813565
    60.7444937 56.884596
    60.7456503 56.8876121
    60.7463499 56.8894781
    60.7457532 56.8895467
    60.7408968 56.8900905
    60.7401731 56.890172
    60.7386954 56.8903281
    60.731369 56.8911439
    60.7309187 56.891194
    60.7300774 56.8912829
    60.7232046 56.892009
    60.7232148 56.8923138
    60.7233118 56.8952162
    60.7233748 56.8955784
    60.7233774 56.8956344
    60.7233779 56.8956726
    60.7233852 56.8957837
    60.7233869 56.8958681
    60.7233874 56.8959366
    60.7233898 56.8959798
    60.7234157 56.8969625
    60.7235538 56.8980807
    60.723529 56.8988602
    60.7235837 56.899805
    60.7235787 56.8999096
    60.7237581 56.8999211
    60.7239426 56.899934
    60.7241715 56.8999573
    60.7244176 56.8999686
    60.7246788 56.8999779
    60.7249328 56.899973
    60.7252064 56.8999648
    60.7256353 56.8999623
    60.7258258 56.8999503
    60.726124 56.8999316
    60.7267195 56.8998943
    60.7265083 56.90019
    60.7265284 56.9002336
    60.7265749 56.9003243
    60.7266303 56.9004524
    60.7266216 56.900485
    60.7268384 56.9005678
    60.7270993 56.9006562
    60.7270484 56.9007282
    60.7271204 56.9007539
    60.7273139 56.9008231
    60.7273947 56.9008555
    60.7275743 56.9009054
    60.727702 56.9009516
    60.7276906 56.9009827
    60.7291059 56.9014692
    60.7291399 56.9014752
    60.7314333 56.9022768
    60.7314349 56.9022774
    60.7314506 56.9022829
    60.7315132 56.9023047
    60.7323904 56.902611
    60.7324375 56.9026273
    60.7324194 56.9026531
    60.7348337 56.9034583
    60.7348812 56.9035795
    60.7350929 56.9043754
    60.7352007 56.9047793
    60.7351627 56.9047808
    60.7350013 56.9047875
    60.7348424 56.9047942
    60.7346384 56.9048028
    60.7344776 56.9048095
    60.7342821 56.9048177
    60.7341193 56.9048245
    60.7339392 56.9048321
    60.7337853 56.9048385
    60.7335808 56.9048471
    60.7334086 56.9048543
    60.7332213 56.9048622
    60.7330435 56.9048696
    60.7328682 56.904877
    60.7326653 56.9048854
    60.7324885 56.904893
    60.7323004 56.9049008
    60.7321187 56.9049084
    60.7318782 56.9049185
    60.7316163 56.9049294
    60.7313431 56.9049409
    60.7313395 56.9049535
    60.731335 56.9049694
    60.7313061 56.9050375
    60.7313009 56.9051783
    60.7313122 56.9052295
    60.7313181 56.9052559
    60.7313311 56.9052956
    60.7314564 56.9056778
    60.731725 56.9056691
    60.7320166 56.9056596
    60.7323247 56.9056495
    60.7325932 56.9056408
    60.7328441 56.9056327
    60.7330993 56.9056244
    60.7333429 56.9056165
    60.7335701 56.9056091
    60.7338321 56.9056005
    60.7340485 56.9055934
    60.734298 56.9055853
    60.7345442 56.9055773
    60.7347734 56.90557
    60.7350291 56.9055616
    60.7352881 56.9055531
    60.7355156 56.9055457
    60.7354865 56.9057279
    60.7366586 56.909066
    60.7375275 56.9116138
    60.7379461 56.9129611
    60.7380382 56.9132582
    60.7388826 56.915507
    60.7400266 56.9188681
    60.7377341 56.9191639
    60.7376135 56.9191776
    60.7372166 56.9192233
    60.7363608 56.9193236
    60.7367685 56.9200202
    60.7372202 56.9205351
    60.739482 56.9211626
    60.7396234 56.9222597
    60.7380857 56.9223187
    60.7381343 56.92257
    60.7383236 56.9227759
    60.7386446 56.9249306
    60.7387282 56.9253076
    60.7387635 56.9259003
    60.738915 56.926798
    60.7390157 56.9273187
    60.7390819 56.9274623
    60.7392762 56.9286469
    60.7386808 56.9303639
    60.735709 56.9306947
    60.733695 56.9314289
    60.7309221 56.9322253
    60.7275938 56.9332866
    60.7225738 56.9347093
    60.7214198 56.9377079
    60.7208665 56.9391411
    60.7200806 56.9408692
    60.7192181 56.9424879
    60.7184117 56.9439286
    60.7182256 56.9442612
    60.7189958 56.9443666
    60.7184273 56.9454813
    60.7179654 56.9464294
    60.7176409 56.9470998
    60.716791 56.9469807
    60.7165814 56.9478649
    60.7166486 56.9486934
    60.7163593 56.9486996
    60.7166427 56.9494526
    60.7170194 56.9501623
    60.7174915 56.9505773
    60.7187191 56.9514007
    60.7188518 56.9513332
    60.7197746 56.9518945
    60.7208777 56.9523912
    60.7209242 56.9524066
    60.7212765 56.9525231
    60.7222937 56.9528596
    60.7224217 56.952744
    60.7232433 56.9529416
    60.7233331 56.9529603
    60.7249915 56.9533079
    60.724784 56.953666
    60.7280065 56.9540843
    60.72967 56.9543698
    60.7299127 56.9544233
    60.7305508 56.9546085
    60.7315661 56.9549397
    60.7324005 56.9552869
    60.7329232 56.9555593
    60.7334532 56.9559148
    60.7348406 56.9569152
    60.735463 56.9566215
    60.7360001 56.9569614
    60.7353631 56.9572616
    60.7366278 56.9580952
    60.7366048 56.9580626
    60.7387053 56.9583106
    60.7396583 56.9582761
    60.753278 56.9570085
    60.7541241 56.9580337
    60.754574 56.9581825
    60.7541217 56.9584065
    60.753919 56.9585069
    60.7534024 56.9587628
    60.7531398 56.9590692
    60.7531876 56.9591115
    60.7532799 56.9591933
    60.7535667 56.9594473
    60.7534741 56.9595135
    60.753019 56.9598386
    60.7517843 56.9607209
    60.7519978 56.9610878
    60.7520896 56.9612454
    60.7521519 56.9613525
    60.7521096 56.9618416
    60.7522331 56.9621587
    60.7522675 56.9622472
    60.7523369 56.9622898
    60.7525308 56.9624078
    60.7528681 56.9626163
    60.753188 56.9628789
    60.7533287 56.9629945
    60.7532722 56.9629853
    60.7528559 56.9629051
    60.7524909 56.962875
    60.75236 56.9630045
    60.7522049 56.9632265
    60.7520986 56.9633551
    60.7520495 56.9634073
    60.7520496 56.9634315
    60.7520662 56.9634557
    60.7522443 56.9635929
    60.7524504 56.9637183
    60.7524898 56.9637191
    60.7528862 56.9637698
    60.7530623 56.9638073
    60.7531856 56.963825
    60.7534175 56.9638472
    60.7536111 56.9637868
    60.7537809 56.9634965
    60.7538362 56.963377
    60.7539055 56.9630877
    60.7534864 56.96302
    60.7537475 56.9629692
    60.7536976 56.9627926
    60.753649 56.9626203
    60.753644 56.9624136
    60.753579 56.9622404
    60.753542 56.9622447
    60.7534754 56.9620869
    60.7534489 56.9619226
    60.7535388 56.9618952
    60.7534784 56.9617428
    60.7533146 56.9615791
    60.7532435 56.9614007
    60.753178 56.9612369
    60.7531131 56.9610741
    60.7530639 56.9609508
    60.7530518 56.9609101
    60.7531004 56.9608917
    60.7533157 56.9608158
    60.7534852 56.9607561
    60.7537175 56.9606743
    60.7539323 56.9605985
    60.7541596 56.9605185
    60.7548316 56.9604694
    60.7548993 56.9606332
    60.7549409 56.9607786
    60.7549532 56.9608226
    60.7550011 56.9609894
    60.7550593 56.9611932
    60.7551132 56.961383
    60.7551218 56.9614124
    60.7551461 56.9614966
    60.7551781 56.9615827
    60.755189 56.9616119
    60.7552593 56.9617997
    60.7553331 56.9619974
    60.755408 56.9621973
    60.7554468 56.9623011
    60.7559211 56.9623381
    60.7567681 56.9622445
    60.7577086 56.9648602
    60.7548064 56.9651714
    60.7586146 56.9756078
    60.7503389 56.9764317
    60.7492195 56.9766165
    60.7463766 56.9756884
    60.7438391 56.9753451
    60.7438681 56.9744291
    60.7482024 56.9754835
    60.750093 56.9757957
    60.7478505 56.9699948
    60.7427035 56.9704298
    60.7417754 56.9704963
    60.7414006 56.9697674
    60.7405546 56.9684824
    60.7402206 56.9676051
    60.7389699 56.9681692
    60.7365934 56.9689079
    60.7340607 56.9701316
    60.7342669 56.9704053
    60.7345497 56.9707695
    60.7345864 56.9709329
    60.7348318 56.9710187
    60.7349556 56.9711434
    60.7348325 56.9712109
    60.7348334 56.9714408
    60.7346951 56.9717768
    60.7347843 56.9722858
    60.7349084 56.9725066
    60.7349453 56.9726789
    60.7351388 56.9729382
    60.7363376 56.9737908
    60.7364528 56.9742369
    60.7241715 56.9743238
    60.7238815 56.9743259
    60.7233779 56.9743294
    60.723401 56.9743998
    60.7249895 56.9792213
    60.7237653 56.9793489
    60.7149303 56.9802691
    60.7129529 56.9804749
    60.7128778 56.9803956
    60.7108336 56.9806299
    60.7104631 56.9806724
    60.7097496 56.9807542
    60.708986 56.9808417
    60.7085962 56.9808863
    60.7085613 56.9808904
    60.7078772 56.9810032
    60.7072893 56.9810644
    60.707062 56.9810788
    60.7069868 56.9810319
    60.7062785 56.9811212
    60.7062464 56.9811253
    60.7061714 56.9811347
    60.6913204 56.9826914
    60.6900814 56.9786307
    60.6885982 56.9740721
    60.6797179 56.9749119
    60.6779391 56.97508
    60.6756624 56.9752951
    60.6701017 56.9758204
    60.6696377 56.9758641
    60.6696605 56.9757582
    60.6695674 56.9757669
    60.6694378 56.9757789
    60.6696661 56.9740459
    60.6700886 56.9715317
    60.6703924 56.9703542
    60.6706782 56.9684037
    60.6702417 56.9656925
    60.6706653 56.9641991
    60.6705163 56.9635215
    60.6704011 56.9632272
    60.6703177 56.9632349
    60.670294 56.9631693
    60.6698063 56.9619959
    60.6712222 56.9599536
    60.6716743 56.9588279
    60.6708456 56.9577354
    60.6695054 56.9580152
    60.6690206 56.9578971
    60.6689152 56.9579085
    60.6681781 56.9570833
    60.6658329 56.9572868
    60.6644768 56.9551142
    60.6639797 56.9551485
    60.6638194 56.9548005
    60.663573 56.9548167
    60.6634625 56.9548054
    60.6632095 56.95481
    60.6629785 56.9540771
    60.6628164 56.9538949
    60.6641103 56.9536694
    60.6666629 56.9534794
    60.663559 56.9502956
    60.6631684 56.9499077
    60.6612684 56.9480209
    60.6605993 56.9473471
    60.6589487 56.9456845
    60.656977 56.9436328
    60.6568739 56.9435296
    60.6567448 56.9434004
    60.6565198 56.9434083
    60.6550991 56.9434566
    60.6472151 56.9436109
    60.641829 56.943796
    60.6385279 56.9438155
    60.6304702 56.9440693
    60.6281104 56.9440888
    60.6255775 56.9441768
    60.6250342 56.9441552
    60.6230083 56.9439211
    60.6229415 56.9439133
    60.6228177 56.9438991
    60.6220558 56.943791
    60.6219693 56.9437788
    60.6210494 56.9436194
    60.620384 56.943481
    60.6196157 56.9433184
    60.6187842 56.9431135
    60.6186755 56.9430851
    60.6185471 56.9431104
    60.6185016 56.9430395
    60.6181554 56.9429489
    60.6180932 56.9429319
    60.6180137 56.9429103
    60.617917 56.942884
    60.6178419 56.9428635
    60.6177716 56.9428444
    60.6174525 56.9427548
    60.6170244 56.9426842
    60.6166431 56.9426836
    60.6162229 56.9427136
    60.6158934 56.9427532
    60.613762 56.9430421
    60.6133779 56.9424608
    60.6134343 56.9416572
    60.6135374 56.9415905
    60.6119676 56.9412313
    60.6105919 56.9410529
    60.6100878 56.941225
    60.6093739 56.9411797
    60.6086954 56.9411435
    60.6077604 56.9412574
    60.6070189 56.9410643
    60.6043256 56.9414156
    60.6021083 56.9417715
    60.5977975 56.9426371
    60.5948814 56.9430048
    60.5917331 56.9433127
    60.5882469 56.943276
    60.5845684 56.9430975
    60.5812107 56.9429096
    60.5792538 56.9427721
    60.5784549 56.9426878
    60.5782618 56.9429059
    60.5779003 56.9431571
    60.5776317 56.9432883
    60.5778557 56.9430972
    60.5781206 56.942701
    60.5772286 56.9426444
    60.5736989 56.9424206
    60.5694522 56.9421513
    60.5649789 56.9418674
    60.5626725 56.941721
    60.5558095 56.9412798
    60.5503613 56.9409292
    60.5406743 56.9403052
    60.537443 56.9400961
    60.5362555 56.9400206
    60.5360087 56.9401565
    60.5354745 56.9401439
    60.5324506 56.9400725
    60.5308748 56.9401122
    60.5292742 56.9398118
    60.5278507 56.9392984
    60.5248468 56.9387859
    60.5244151 56.9386566
    60.524112 56.9385954
    60.5222542 56.9382202
    60.5213116 56.9381014
    60.5211544 56.9380682
    60.5188781 56.9375878
    60.5162229 56.9371318
    60.5157434 56.9371825
    60.514877 56.9375912
    60.5140543 56.9380131
    60.5130455 56.9386713
    60.5121064 56.939208
    60.5111219 56.9394534
    60.5109919 56.9394119
    60.5104837 56.9390581
    60.5103879 56.9390376
    60.5103142 56.9390365
    60.5102345 56.9390157
    60.510173 56.9389852
    60.5099914 56.9388587
    60.5099474 56.9388119
    60.5099399 56.9387595
    60.5099608 56.9387214
    60.5099316 56.9386755
    60.5084422 56.9376388
    60.5083451 56.9376273
    60.5083031 56.9376261
    60.5082239 56.9376131
    60.5081701 56.9375938
    60.5079595 56.9374471
    60.5079157 56.9374003
    60.5079083 56.9373479
    60.5079165 56.9373339
    60.5079011 56.9372664
    60.5064468 56.9362481
    60.5062857 56.9362097
    60.5061967 56.9362016
    60.506125 56.9361803
    60.5059283 56.9360357
    60.5058845 56.9359889
    60.5058768 56.9359365
    60.5058712 56.935856
    60.5051253 56.9353359
    60.5044044 56.9350166
    60.5045955 56.9346919
    60.5043874 56.9346544
    60.4993987 56.9337108
    60.4889041 56.9316176
    60.488473 56.9315291
    60.4872577 56.9312566
    60.4860593 56.9309625
    60.485025 56.9306884
    60.4841498 56.930441
    60.4828574 56.9300494
    60.4814529 56.9295847
    60.4802181 56.9291408
    60.479278 56.9287794
    60.4780963 56.9282943
    60.4773266 56.9279582
    60.4763228 56.927495
    60.4752271 56.9269528
    60.4744558 56.9265493
    60.4736321 56.9261111
    60.4731709 56.9258684
    60.4729172 56.925768
    60.4731837 56.9256073
    60.4733825 56.9254876
    60.4739366 56.9251536
    60.4760832 56.9238608
    60.476182 56.9238014
    60.4749649 56.9236
    60.4743275 56.9234934
    60.4742761 56.9234632
    60.4743012 56.9234506
    60.4746727 56.9232799
    60.4748845 56.9231871
    60.4749046 56.9231787
    60.4752175 56.9230528
    60.4752458 56.9230431
    60.4755227 56.9229329
    60.4759465 56.9227144
    60.4757672 56.922515
    60.4776896 56.9216941
    60.4780433 56.9215065
    60.4783816 56.9213427
    60.4789479 56.9211052
    60.4794673 56.9208976
    60.4796728 56.9208159
    60.4801099 56.9206577
    60.4807411 56.9204422
    60.4806224 56.9203414
    60.4808208 56.9202744
    60.4809939 56.9204195
    60.4814691 56.9202626
    60.4812703 56.9200852
    60.4825733 56.9196787
    60.4831291 56.9194869
    60.4854298 56.9187434
    60.4853013 56.9186344
    60.4843838 56.9179633
    60.4824077 56.9168982
    60.4818312 56.9165991
    60.4816665 56.9165099
    60.4809062 56.9161465
    60.4803924 56.9158082
    60.4796275 56.9153938
    60.4794786 56.9153131
    60.4794563 56.9150262
    60.4794541 56.9149106
    60.4789421 56.9149171
    60.4781827 56.9147471
    60.4779501 56.9147625
    60.477564 56.9147882
    60.4755527 56.9149307
    60.4753075 56.9149486
    60.4744154 56.9150104
    60.4737696 56.9159735
    60.473445 56.9163069
    60.4730765 56.9162547
    60.4712174 56.9159919
    60.4711269 56.9160777
    60.4699415 56.9171987
    60.4699584 56.9172436
    60.4719781 56.9179911
    60.4705458 56.9191095
    60.4695768 56.9181086
    60.4680261 56.916611
    60.4672172 56.9155446
    60.4616704 56.9159626
    60.4556114 56.9164207
    60.4406914 56.9175528
    60.4135684 56.9190294
    60.4116572 56.920081
    60.4109394 56.9210293
    60.4093738 56.9212882
    60.4087966 56.9214807
    60.4081412 56.9226739
    60.4075974 56.9228012
    60.4059991 56.9225768
    60.4055719 56.9227348
    60.405167 56.9231746
    60.40512 56.9241547
    60.4046266 56.9246488
    60.4032465 56.9254135
    60.4028744 56.9254289
    60.403121 56.9269218
    60.4027814 56.9269779
    60.3782617 56.9308893
    60.3734927 56.9316789
    60.3718486 56.9319104
    60.3719867 56.9323808
    60.3721464 56.9330429
    60.3725403 56.9342996
    60.3731087 56.9359965
    60.3739636 56.9385654
    60.3740417 56.9392291
    60.373537 56.9406161
    60.3616803 56.9418872
    60.3596156 56.9421046
    60.3586669 56.9421971
    60.3557562 56.9425235
    60.3566128 56.9459071
    60.3571603 56.9481296
    60.3575954 56.949791
    60.3578197 56.9506637
    60.3583518 56.952537
    60.3589564 56.9548146
    60.3601489 56.9588966
    60.3609211 56.9615429
    60.3580583 56.9618305
    60.3520991 56.9623763
    60.347851 56.9628004
    60.3435897 56.9632052
    60.3369359 56.9638246
    60.3350245 56.963978
    60.3293305 56.964499
    60.3265171 56.9647026
    60.3260694 56.9630755
    60.3256573 56.9620805
    60.3254518 56.9610209
    60.3249425 56.9590577
    60.3246272 56.9582121
    60.32433 56.9565513
    60.3240695 56.9553976
    60.3240233 56.9552538
    60.3235049 56.953639
    60.3233367 56.952886
    60.3228401 56.9504768
    60.3222764 56.9484679
    60.3219259 56.9469718
    60.3216248 56.9457928
    60.320929 56.9430673
    60.3200369 56.9394114
    60.319432 56.9368839
    60.319352 56.9365904
    60.3189309 56.9350472
    60.3185573 56.9331873
    60.3182198 56.9320184
    60.3179789 56.9307271
    60.3176978 56.9297291
    60.3172492 56.9278224
    60.3170083 56.9272583
    60.3164779 56.9260157
    60.3160064 56.9240769
    60.3155873 56.922473
    60.3149276 56.9198463
    60.3141942 56.9165756
    60.3141873 56.9165468
    60.3137797 56.9148761
    60.3133229 56.9132452
    60.3129153 56.9113738
    60.3123485 56.909159
    60.3120587 56.9079691
    60.3118899 56.9072965
    60.3086394 56.90761
    60.3042727 56.9079237
    60.3040989 56.9079375
    60.2997042 56.90829
    60.2957255 56.9086026
    60.2914608 56.9089374
    60.2881667 56.9092367
    60.283951 56.9096198
    60.2794919 56.9099876
    60.2788846 56.907823
    60.2785084 56.9066172
    60.2780993 56.9051503
    60.2774861 56.9031424
    60.2771861 56.9019363
    60.2764433 56.8992481
    60.2753395 56.8952526
    60.2749309 56.8937511
    60.2742845 56.8909954
    60.2740848 56.8901441
    60.2735282 56.8878785
    60.2730705 56.8863238
    60.2727065 56.8847698
    60.2722193 56.883182
    60.2716448 56.8811598
    60.2694515 56.8812545
    60.2689198 56.8789898
    60.2685709 56.8777398
    60.2677297 56.875255
    60.2672294 56.8738868
    60.2664727 56.8718923
    60.2653398 56.8689054
    60.2645262 56.8669023
    60.2639192 56.865187
    60.2631667 56.8630212
    60.2627312 56.8617679
    60.2615179 56.8588771
    60.260934 56.856795
    60.2607641 56.8543416
    60.2607205 56.8542557
    60.2605434 56.853676
    60.265983 56.8544176
    60.2664534 56.8538131
    60.2665633 56.8536717
    60.2667539 56.8528934
    60.2689448 56.8502597
    60.2690664 56.8501136
    60.2690944 56.8500799
    60.2703013 56.8486289
    60.2707956 56.8482383
    60.2710873 56.8478982
    60.2714098 56.847927
    60.2720949 56.8478623
    60.2729139 56.847785
    60.2730369 56.8477735
    60.2733242 56.8477462
    60.2746656 56.8478097
    60.2756011 56.847856
    60.2764316 56.84774
    60.2774577 56.8474911
    60.2782452 56.8473464
    60.2788629 56.8472925
    60.2803723 56.8471494
    60.2829296 56.8467917
    60.2838016 56.8466742
    60.2846427 56.8464544
    60.2853709 56.8462071
    60.2860865 56.8459285
    60.2868162 56.8456776
    60.287495 56.8454921
    60.2883907 56.8453063
    60.2896688 56.8449139
    60.2901094 56.8448022
    60.2906042 56.8447415
    60.2912642 56.8447249
    60.2921687 56.8447208
    60.2930744 56.8446716
    60.2937482 56.8446212
    60.2951626 56.8445042
    60.2953373 56.8444987
    60.2954852 56.8445194
    60.2965743 56.8446892
    60.2975134 56.8448436
    60.2983846 56.8449947
    60.2993042 56.8451399
    60.301082 56.845316
    60.3016625 56.8453412
    60.3022229 56.8452902
    60.3031733 56.8450833
    60.304029 56.844986
    60.3049314 56.8449302
    60.310976 56.8446459
    60.3121198 56.84455
    60.3133327 56.8444845
    60.3144136 56.8443147
    60.3152077 56.8440819
    60.3157193 56.8437886
    60.3163156 56.8434208
    60.3166991 56.843098
    60.3170434 56.8427169
    60.3171557 56.8425219
    60.3174649 56.842179
    60.3179465 56.8416931
    60.3183884 56.8413874
    60.3188098 56.8410956
    60.3197389 56.8408004
    60.3209455 56.8404671
    60.3217745 56.8401985
    60.3226653 56.8397394
    60.3233707 56.8390994
    60.3236918 56.8387732
    60.3240251 56.8384206
    60.3247524 56.83762
    60.3253444 56.8368232
    60.3257885 56.835876
    60.3259309 56.8355317
    60.3260406 56.8353889
    60.326213 56.8353018
    60.3264697 56.8352506
    60.3266947 56.8352415
    60.3302894 56.8352634
    60.3309041 56.8352442
    60.330996 56.8352299
    60.3309687 56.8351445
    60.3307481 56.83444
    60.3305298 56.8337667
    60.3303129 56.8331509
    60.3305428 56.8331393
    60.3305161 56.8330501
    60.3304174 56.8327222
    60.330419 56.8326745
    60.3300678 56.8321752
    60.3290172 56.828778
    60.3271979 56.8228926
    60.3271478 56.8227303
    60.3268365 56.8217222
    60.3268194 56.8216675
    60.3267137 56.8213254
    60.3267043 56.8212953
    60.3265931 56.8209341
    60.3265178 56.8206911
    60.3261676 56.819566
    60.3258457 56.8185319
    60.3251632 56.8163427
    60.3244995 56.814005
    60.3243681 56.8135421
    60.3243506 56.8135193
    60.3241464 56.813254
    60.3239948 56.8127589
    60.3233938 56.8109211
    60.3231021 56.809643
    60.3230968 56.809625
    60.3227547 56.8089636
    60.3214423 56.80489
    60.320955 56.8035311
    60.3199475 56.8003481
    60.3199435 56.8003355
    60.3199158 56.8002846
    60.3198795 56.8001713
    60.3198309 56.8000197
    60.3189572 56.7974665
    60.3182634 56.7953364
    60.3176188 56.7935163
    60.3168895 56.7912421
    60.3168714 56.7911857
    60.3163177 56.7894311
    60.3148721 56.7849513
    60.3142591 56.7830717
    60.3137794 56.7816183
    60.3137324 56.781476
    60.3131264 56.7794255
    60.3123531 56.7771262
    60.3112002 56.7735158
    60.3106795 56.771934
    60.3072689 56.7722685
    60.3020099 56.7727848
    60.2964801 56.7734023
    60.2955013 56.773495
    60.2939717 56.7736227
    60.2892518 56.7740167
    60.2821491 56.7747057
    60.2767506 56.7752102
    60.2766373 56.7752209
    60.2745495 56.7754216
    60.2690138 56.7759361
    60.2608401 56.7766937
    60.2601119 56.7767591
    60.2588759 56.7768701
    60.2553892 56.7771881
    60.247004 56.7779572
    60.2410737 56.7784975
    60.2398176 56.7786118
    60.2330527 56.7792368
    60.2248182 56.7799843
    60.2239355 56.7800644
    60.21418 56.780957
    60.2083398 56.7814782
    60.2072682 56.7815738
    60.2025022 56.782001
    60.1984175 56.7823668
    60.1950681 56.7826481
    60.1923193 56.7828871
    60.1921821 56.7829028
    60.1921817 56.7828894
    60.1920475 56.7827733
    60.1919054 56.782763
    60.1918276 56.7827968
    60.1917793 56.7827748
    60.1917901 56.7827013
    60.191731 56.7826323
    60.1916425 56.7826132
    60.1916264 56.7825588
    60.1915379 56.7825588
    60.1913555 56.7825412
    60.1913314 56.7825118
    60.1915084 56.7824589
    60.1915111 56.7824177
    60.1914253 56.7823766
    60.1912831 56.7824119
    60.1912402 56.782356
    60.1912348 56.7821283
    60.1909988 56.7821224
    60.1909854 56.7820328
    60.190862 56.7819813
    60.1907359 56.7819549
    60.1907574 56.7818652
    60.1906903 56.7818594
    60.1905938 56.7819108
    60.1904624 56.7818608
    60.1904141 56.7817624
    60.1903417 56.7817007
    60.1902451 56.7817095
    60.1902263 56.7816375
    60.1900439 56.7816566
    60.1899661 56.7815258
    60.1897864 56.78147
    60.1897972 56.78142
    60.1895853 56.7813936
    60.1895316 56.7813539
    60.1896228 56.7812554
    60.1895638 56.7812011
    60.1893841 56.7812099
    60.1893197 56.7810835
    60.1892446 56.7811452
    60.1891588 56.7811261
    60.1892232 56.7810247
    60.1891132 56.7809998
    60.1890569 56.7809145
    60.1889013 56.7809336
    60.1888128 56.7809189
    60.1887109 56.7809219
    60.1886224 56.7809601
    60.1883971 56.7808558
    60.1883407 56.7808249
    60.1883622 56.7807794
    60.1883059 56.780725
    60.1884024 56.7806486
    60.1885285 56.7805384
    60.1884775 56.7805002
    60.1883488 56.7805457
    60.1882737 56.7805237
    60.1882603 56.7804943
    60.1883729 56.7804149
    60.1882978 56.7803664
    60.1881744 56.7804135
    60.1879947 56.7804252
    60.1880591 56.7803165
    60.1879572 56.7802459
    60.1879974 56.7802121
    60.187992 56.7801857
    60.1879411 56.7801681
    60.1877962 56.7802019
    60.1877614 56.7801254
    60.1877801 56.7800667
    60.1876943 56.7800446
    60.1877131 56.7799756
    60.1875709 56.7799124
    60.1874932 56.7799094
    60.1874368 56.7798639
    60.1874797 56.779833
    60.1874395 56.7797581
    60.1875146 56.7797169
    60.1873456 56.7797243
    60.1872518 56.7797228
    60.1871927 56.7797052
    60.1872115 56.7796567
    60.1870586 56.7796949
    60.1870264 56.7797478
    60.1869755 56.779761
    60.1868226 56.7797243
    60.1866992 56.779761
    60.1866241 56.7797581
    60.1865892 56.7798036
    60.1865544 56.7798213
    60.1864256 56.779808
    60.186439 56.779761
    60.1863532 56.7797287
    60.1862111 56.7797478
    60.1860448 56.7797302
    60.1860099 56.7796831
    60.1860501 56.7796567
    60.1860233 56.7795994
    60.1859938 56.7795854
    60.1859965 56.7795369
    60.1859026 56.779534
    60.1859026 56.7795854
    60.1858007 56.7796031
    60.1857604 56.7795869
    60.1857819 56.7795046
    60.1856827 56.7794899
    60.1856397 56.7794341
    60.1857712 56.7793606
    60.1857846 56.7792856
    60.1856505 56.7791945
    60.185629 56.7791446
    60.185562 56.7791181
    60.1854547 56.7791343
    60.1853849 56.7791269
    60.1853715 56.7790887
    60.1854359 56.7790579
    60.1854064 56.7790241
    60.1853474 56.7789991
    60.185224 56.7790123
    60.1851811 56.7789771
    60.1852562 56.7789124
    60.1852937 56.7788198
    60.1852347 56.7786494
    60.1850718 56.7785339
    60.1848968 56.7784098
    60.1848324 56.7782761
    60.1849075 56.7781879
    60.1848163 56.77816
    60.1848083 56.7780277
    60.1847573 56.7779939
    60.1847385 56.777966
    60.1846339 56.7779587
    60.1846232 56.7779352
    60.1846688 56.7779072
    60.1846366 56.7778617
    60.1846339 56.7778176
    60.1846098 56.7777911
    60.184583 56.7777867
    60.1845186 56.7777941
    60.1844944 56.7777853
    60.1845159 56.7777647
    60.1845749 56.7777632
    60.1846286 56.7777353
    60.1846366 56.7777103
    60.1846017 56.7776912
    60.1845374 56.777703
    60.184473 56.7776927
    60.1844354 56.777675
    60.1844542 56.777628
    60.1844623 56.7775839
    60.1845132 56.7775751
    60.1845722 56.777606
    60.1846017 56.7775854
    60.1845856 56.7775501
    60.1845239 56.777556
    60.1844837 56.7775545
    60.1844032 56.777509
    60.1844569 56.7774796
    60.1845132 56.7774429
    60.1845052 56.7773753
    60.1845535 56.7773547
    60.1845481 56.7773179
    60.1845079 56.7773179
    60.1844596 56.7773371
    60.1844006 56.7773356
    60.1843925 56.7773077
    60.1844113 56.7772739
    60.184481 56.7772386
    60.1843657 56.7771681
    60.1843094 56.7771666
    60.1842986 56.7771372
    60.1843737 56.7771004
    60.1843496 56.7770387
    60.1844086 56.7769564
    60.1844328 56.7769506
    60.1843872 56.7768918
    60.1843469 56.7768874
    60.1843147 56.7768638
    60.1843442 56.7768256
    60.1844381 56.7768256
    60.1844381 56.776808
    60.1843416 56.7767742
    60.1842852 56.7767345
    60.1842799 56.7766801
    60.1843845 56.7766419
    60.1843872 56.7766228
    60.1842879 56.7765993
    60.1842343 56.7765361
    60.1842772 56.7764685
    60.1843523 56.776445
    60.1843013 56.7763554
    60.1843281 56.7763186
    60.1843845 56.7763083
    60.1843925 56.7762775
    60.1843737 56.7762554
    60.1843684 56.7761864
    60.1845052 56.7760894
    60.1846661 56.7760115
    60.1846286 56.7759689
    60.1846232 56.7758675
    60.1845856 56.7758572
    60.1845213 56.7758557
    60.1844354 56.7758072
    60.1845025 56.7757734
    60.1844918 56.7757572
    60.1844301 56.775744
    60.1842825 56.775744
    60.184245 56.7757249
    60.1842477 56.7756691
    60.1841833 56.7756367
    60.1841511 56.7755882
    60.1840787 56.775553
    60.1839902 56.7754956
    60.1840009 56.7754677
    60.1840492 56.7754163
    60.1840438 56.7753913
    60.1840572 56.7753663
    60.1839258 56.7752737
    60.1839875 56.775212
    60.183958 56.7751664
    60.1838936 56.775115
    60.1825698 56.7751758
    60.1816635 56.7742107
    60.1812195 56.7741051
    60.1806915 56.7738778
    60.1793585 56.7731702
    60.1791285 56.7727267
    60.1801244 56.7724653
    60.1798306 56.7721517
    60.179484 56.7720524
    60.1783285 56.7717213
    60.1781155 56.7717436
    60.1778795 56.7718075
    60.1775314 56.7720982
    60.1776119 56.772196
    60.1771741 56.7727492
    60.1765161 56.7725635
    60.1762839 56.7726467
    60.1757869 56.7726439
    60.1755175 56.7725566
    60.1752998 56.7723321
    60.1751492 56.7721018
    60.1752748 56.7720245
    60.174847 56.7719287
    60.1734881 56.7720718
    60.1725849 56.7722613
    60.1724152 56.7723543
    60.1722518 56.7724931
    60.1721947 56.7727351
    60.1724673 56.772899
    60.172812 56.7731047
    60.1730063 56.7730616
    60.1732989 56.7729968
    60.1735021 56.7731816
    60.1736958 56.7737812
    60.1736665 56.7740889
    60.1735085 56.7743393
    60.1727232 56.7748683
    60.1724571 56.7749669
    60.1720886 56.7748832
    60.1713628 56.7746421
    60.1713676 56.7744514
    60.1714374 56.7741719
    60.1708929 56.7743257
    60.1705884 56.7743396
    60.1702094 56.7745275
    60.169394 56.7743217
    60.1689652 56.7741444
    60.1680191 56.7733828
    60.1677413 56.773477
    60.168014 56.7736788
    60.1680905 56.773923
    60.1674303 56.7741254
    60.1672035 56.7741949
    60.1668921 56.7742904
    60.1667306 56.7744804
    60.1662907 56.774717
    60.1660466 56.7747038
    60.1657586 56.7749971
    60.1652929 56.7753152
    60.1648918 56.7754688
    60.164794 56.7755974
    60.1649335 56.7758545
    60.1648289 56.7760338
    60.1645719 56.7761516
    60.164175 56.7761555
    60.1640492 56.776474
    60.1642388 56.7766496
    60.1649138 56.7766227
    60.165199 56.7767995
    60.1653331 56.7770493
    60.1653224 56.7772727
    60.1657811 56.7774358
    60.165872 56.7781374
    60.1663438 56.7792907
    60.1660054 56.779781
    60.1659769 56.7804263
    60.1655352 56.7808471
    60.165022 56.7806761
    60.1644641 56.780823
    60.1641326 56.7810456
    60.1629752 56.7807954
    60.1623796 56.7805298
    60.1618396 56.7807518
    60.1613818 56.7809399
    60.1608949 56.78114
    60.1600206 56.7807815
    60.1594647 56.7808037
    60.160076 56.7810522
    60.1607841 56.7815959
    60.1612025 56.7814666
    60.1614386 56.7816812
    60.1618087 56.7822836
    60.1618561 56.7824612
    60.1609386 56.7827577
    60.1599142 56.7827846
    60.1591825 56.7832581
    60.1584115 56.7834687
    60.158173 56.7840033
    60.1581609 56.7845904
    60.1590299 56.7857364
    60.1587241 56.7861377
    60.158633 56.7865152
    60.158626 56.7870228
    60.1598201 56.7884989
    60.1587506 56.789261
    60.1589035 56.7900958
    60.1570812 56.7911306
    60.1556859 56.7907076
    60.1546144 56.7909805
    60.1545706 56.7915196
    60.1542079 56.7918404
    60.1541757 56.7922247
    60.1567299 56.7932685
    60.157847 56.793951
    60.1579201 56.794894
    60.1573992 56.7952442
    60.1567707 56.7955587
    60.1571486 56.7957149
    60.1572704 56.796055
    60.1571348 56.7964684
    60.1563223 56.7966478
    60.1560994 56.7969554
    60.1564825 56.797099
    60.1570344 56.7974239
    60.1569271 56.7977118
    60.1565578 56.7981092
    60.1557386 56.797995
    60.1554036 56.7981348
    60.1548803 56.7981809
    60.1541912 56.7986048
    60.1541054 56.7988398
    60.1527965 56.7998091
    60.1520676 56.8002204
    60.1530433 56.8007226
    60.1534563 56.8009811
    60.1540219 56.8015674
    60.1538157 56.8017448
    60.1537406 56.8019798
    60.153923 56.8021619
    60.1532913 56.8024458
    60.1526785 56.8023293
    60.1520069 56.8020002
    60.1513267 56.8021149
    60.1508791 56.801922
    60.150066 56.8019034
    60.1495194 56.8019728
    60.1498359 56.8022724
    60.1503611 56.8023528
    60.1525766 56.8027787
    60.1529521 56.8029579
    60.1544783 56.8033985
    60.1542878 56.8037538
    60.1535008 56.8042068
    60.1533222 56.8045057
    60.1543811 56.8047322
    60.1538855 56.8051136
    60.1513425 56.8051417
    60.1511105 56.805426
    60.1500285 56.8054602
    60.1496154 56.8055659
    60.1492228 56.8057538
    60.148564 56.8057862
    60.147118 56.8055891
    60.1470029 56.8056394
    60.1472336 56.8059272
    60.1471467 56.8063075
    60.1466757 56.8067436
    60.1449529 56.807703
    60.1449062 56.8081638
    60.145319 56.8086665
    60.1455205 56.8090602
    60.1463324 56.8094557
    60.1460485 56.8100662
    60.1457425 56.8107076
    60.1451655 56.8110037
    60.144665 56.8112519
    60.1444669 56.8112988
    60.1432445 56.8115883
    60.1432765 56.8119767
    60.1438064 56.8121796
    60.1429145 56.8127974
    60.1415031 56.8129927
    60.1403242 56.8127989
    60.1394973 56.8125894
    60.1387841 56.8125863
    60.1377997 56.8130532
    60.1319885 56.8114353
    60.131629 56.8111272
    60.1314944 56.8107675
    60.1312766 56.810749
    60.1309563 56.8104644
    60.1299376 56.8100827
    60.1284125 56.8101024
    60.1272651 56.8105602
    60.1273777 56.8106383
    60.1284034 56.8101899
    60.1297268 56.810157
    60.1302606 56.8103097
    60.1304193 56.8104468
    60.1303959 56.8105814
    60.130558 56.8106694
    60.1308673 56.810788
    60.1317514 56.8114793
    60.1385754 56.813563
    60.1381549 56.813725
    60.1310985 56.8116893
    60.1304231 56.8115463
    60.1298352 56.8112508
    60.129465 56.8112831
    60.1290686 56.8111581
    60.1289552 56.8109257
    60.1287548 56.8108949
    60.1290799 56.8112852
    60.1384871 56.814074
    60.1383474 56.8142301
    60.1341761 56.8130045
    60.1293417 56.8115656
    60.1287779 56.8114699
    60.1284072 56.811304
    60.1280875 56.8113527
    60.1340028 56.8132385
    60.1347283 56.8136391
    60.1343037 56.8137619
    60.1334572 56.8135458
    60.1325023 56.8133003
    60.131635 56.8131297
    60.1312674 56.8130563
    60.1306445 56.8130595
    60.130115 56.8130622
    60.1292172 56.8128708
    60.1273788 56.8126634
    60.124595 56.8130592
    60.1236242 56.8133751
    60.1232322 56.8137137
    60.1229601 56.8139488
    60.1226811 56.814356
    60.1223581 56.815145
    60.1219386 56.8154043
    60.1216636 56.8155749
    60.1213648 56.8155802
    60.121118 56.8155845
    60.1209071 56.8155882
    60.1206176 56.8155934
    60.1194849 56.815155
    60.1191812 56.8151463
    60.1189381 56.8151393
    60.1186265 56.8151304
    60.1178606 56.8151084
    60.1169603 56.8150582
    60.1159307 56.8151896
    60.1157892 56.8153192
    60.1155755 56.8155149
    60.1151906 56.8156998
    60.1150471 56.8155648
    60.1150958 56.8151447
    60.114803 56.8150084
    60.1145914 56.8147302
    60.1140344 56.8143296
    60.113743 56.81412
    60.113553 56.8139834
    60.1134275 56.8138932
    60.1132758 56.813784
    60.1129388 56.8135253
    60.1128697 56.8134743
    60.1128106 56.8134308
    60.1127665 56.8133982
    60.1127075 56.8133547
    60.1124532 56.8131673
    60.1123929 56.8131228
    60.1123543 56.8130943
    60.1121675 56.8129566
    60.1121353 56.8127768
    60.1120988 56.8125563
    60.1122683 56.8124171
    60.1123032 56.8123772
    60.1120579 56.8123114
    60.1120339 56.812175
    60.1120157 56.812072
    60.1120026 56.8119977
    60.1118419 56.8118122
    60.111599 56.8117266
    60.1113766 56.8115484
    60.1112503 56.8114472
    60.1104444 56.8111765
    60.1100904 56.8110033
    60.109533 56.8109201
    60.1077881 56.8108646
    60.1055618 56.811424
    60.1052168 56.8117095
    60.1050546 56.8120995
    60.1050526 56.8128668
    60.1052166 56.8138074
    60.1051292 56.814418
    60.1051577 56.8150091
    60.1057178 56.8154872
    60.1063155 56.8161354
    60.1065525 56.8165543
    60.106524 56.8167662
    60.1067913 56.8169624
    60.1081654 56.8173087
    60.1084462 56.817783
    60.1083372 56.8180207
    60.1092642 56.8187953
    60.1092428 56.819044
    60.108035 56.8198652
    60.10735 56.8199193
    60.1071373 56.8201684
    60.1071619 56.820462
    60.1066625 56.8206411
    60.1061046 56.8206968
    60.1053268 56.8210256
    60.1048332 56.8208847
    60.1046938 56.8206939
    60.1041711 56.8205919
    60.1035267 56.8208542
    60.1013121 56.8209467
    60.1009595 56.8211089
    60.1003419 56.8211879
    60.1000219 56.821063
    60.0992786 56.8208015
    60.0988706 56.820444
    60.0987362 56.8203263
    60.0985813 56.8201959
    60.0983546 56.8200653
    60.0981765 56.8199628
    60.0979917 56.8198564
    60.0978289 56.8197626
    60.0976025 56.8196322
    60.097407 56.8195196
    60.0971566 56.8193753
    60.0969713 56.8192758
    60.0967604 56.8191501
    60.0968156 56.8188942
    60.0966281 56.8187435
    60.096499 56.8186433
    60.0960982 56.8185591
    60.0958457 56.818506
    60.0956596 56.8184669
    60.0955932 56.8184529
    60.0955384 56.8184414
    60.0954502 56.8184229
    60.095379 56.8184079
    60.0952464 56.81838
    60.0952267 56.8182418
    60.0952192 56.8181857
    60.0952102 56.8181182
    60.0951609 56.8177494
    60.0948674 56.8175535
    60.0946572 56.8174629
    60.0942816 56.8173017
    60.0942411 56.8172929
    60.0942196 56.8172883
    60.0941925 56.8172825
    60.0941414 56.8172715
    60.0937887 56.8171955
    60.0934488 56.8171236
    60.0933722 56.8171173
    60.093159 56.8170998
    60.0929417 56.8170835
    60.0926159 56.8169848
    60.0923408 56.8169023
    60.0921478 56.8169028
    60.0919884 56.8169032
    60.0916802 56.817033
    60.0915593 56.8170508
    60.091391 56.8170755
    60.0911298 56.8171119
    60.0909153 56.817079
    60.0907345 56.8170512
    60.090463 56.8170102
    60.0903861 56.8170151
    60.0902182 56.8170259
    60.0898775 56.8170476
    60.0895983 56.8171284
    60.0894253 56.817435
    60.0893171 56.8176045
    60.08929 56.8176425
    60.0892709 56.8177006
    60.0892493 56.8177295
    60.0892328 56.8177663
    60.0892161 56.8178239
    60.0891964 56.8178917
    60.0891631 56.8180063
    60.0892444 56.8180563
    60.0893034 56.8180951
    60.089518 56.8182511
    60.0895707 56.8182452
    60.0896777 56.8182334
    60.0898288 56.8182167
    60.0899304 56.8182055
    60.0899773 56.8182003
    60.0900636 56.8181907
    60.0903351 56.8181603
    60.0904648 56.8182308
    60.0906181 56.8183135
    60.0906917 56.8183605
    60.0908877 56.8184856
    60.0913577 56.8187883
    60.0913673 56.8188813
    60.091371 56.8189173
    60.0913767 56.8189729
    60.0913796 56.8190394
    60.0913733 56.8191053
    60.0913703 56.8191368
    60.0913668 56.8191736
    60.0913649 56.8191938
    60.0913622 56.8192221
    60.0913616 56.8192286
    60.0913602 56.8192433
    60.0913586 56.8192598
    60.0913506 56.8193441
    60.0913369 56.8194884
    60.0913184 56.819682
    60.0912993 56.8198827
    60.0912844 56.8200394
    60.0911147 56.8201734
    60.0909651 56.8202812
    60.0903631 56.8204334
    60.0899667 56.8205336
    60.0897422 56.8205904
    60.0894326 56.8206007
    60.0885346 56.8205163
    60.0883123 56.8204617
    60.0882165 56.8204382
    60.0880182 56.8203889
    60.0878748 56.8202998
    60.0877673 56.8202329
    60.0876848 56.8201817
    60.0876233 56.8199811
    60.0875294 56.8199098
    60.0874378 56.8198402
    60.0872262 56.8196779
    60.0871039 56.8196462
    60.0870436 56.8196306
    60.0869389 56.8196035
    60.0867783 56.8195611
    60.0866117 56.8195895
    60.0864364 56.8196194
    60.0863264 56.8196382
    60.0862671 56.8196483
    60.0862049 56.8196603
    60.0861249 56.8197422
    60.0860057 56.819864
    60.0859251 56.8199465
    60.0857371 56.8201387
    60.0854139 56.8202043
    60.0852915 56.8202659
    60.0849833 56.8204213
    60.0846533 56.8205875
    60.0844358 56.8206971
    60.08428 56.8207756
    60.0840396 56.820896
    60.0835873 56.8209273
    60.0833842 56.8209413
    60.0830749 56.8209614
    60.0828404 56.8209235
    60.0826898 56.8208991
    60.0825727 56.8208802
    60.0824752 56.8208645
    60.0823884 56.8208504
    60.0822949 56.8208353
    60.0821614 56.8208138
    60.0820149 56.8207901
    60.0819188 56.8207758
    60.0817974 56.8208102
    60.0817006 56.8208376
    60.0816039 56.820865
    60.081511 56.8208902
    60.0815231 56.820993
    60.0815437 56.8211771
    60.0813874 56.8212652
    60.0812989 56.8213151
    60.0810823 56.8214372
    60.0806387 56.8216272
    60.0803475 56.8217089
    60.0801893 56.8217533
    60.0800508 56.8217915
    60.0798633 56.8217078
    60.0797269 56.8216468
    60.0796064 56.8215932
    60.079506 56.8216051
    60.0794297 56.8216141
    60.0793418 56.8216245
    60.0792566 56.8216346
    60.079151 56.8216471
    60.078769 56.8216617
    60.0784867 56.8216035
    60.0784315 56.8216047
    60.0783903 56.8216056
    60.0783394 56.8216066
    60.0782715 56.8216081
    60.0781868 56.8216099
    60.0781 56.8216118
    60.0779807 56.8216136
    60.0778592 56.8216722
    60.0777617 56.8217191
    60.0776647 56.8217658
    60.0774697 56.8218601
    60.0772512 56.8218723
    60.0770943 56.821881
    60.0770357 56.8218843
    60.0768948 56.8218921
    60.0767992 56.8218974
    60.0766709 56.8219046
    60.0764281 56.8219181
    60.0760033 56.8219418
    60.0758607 56.8219497
    60.0757403 56.8219564
    60.0756748 56.8219601
    60.0756473 56.8219616
    60.0756081 56.8219638
    60.0755297 56.8219682
    60.0754301 56.8219737
    60.0750316 56.8219972
    60.0749719 56.8220451
    60.074931 56.8220832
    60.0749633 56.8221508
    60.0749951 56.8222175
    60.0750287 56.8222877
    60.075062 56.8223575
    60.075404 56.822558
    60.0753343 56.8227171
    60.0750707 56.8227135
    60.0750346 56.8227286
    60.0750155 56.8227366
    60.0749739 56.822754
    60.0749263 56.822774
    60.0748226 56.8228173
    60.0746867 56.8228739
    60.0744232 56.8228724
    60.0742745 56.8228716
    60.0741707 56.822871
    60.0740552 56.8228704
    60.0739586 56.8228698
    60.0738729 56.8228693
    60.0737982 56.8228689
    60.0737092 56.8228684
    60.0735985 56.8228983
    60.0734511 56.8229328
    60.0732896 56.8229706
    60.0732229 56.8228878
    60.0732472 56.8228573
    60.0732194 56.822766
    60.0731707 56.8227279
    60.0729933 56.8227069
    60.0729724 56.8227641
    60.0730107 56.822825
    60.0730559 56.8228669
    60.0731498 56.8228935
    60.0732613 56.8229863
    60.0730787 56.8231438
    60.0729033 56.8232451
    60.0728502 56.8234882
    60.0722509 56.8235702
    60.0716816 56.8238234
    60.0714928 56.8238619
    60.0714007 56.8238806
    60.0712716 56.8239068
    60.071159 56.8239298
    60.071066 56.823949
    60.0705713 56.8238728
    60.070126 56.8238052
    60.0697239 56.8236201
    60.0691817 56.8233705
    60.0686557 56.8231283
    60.0675173 56.8231173
    60.0662941 56.8228238
    60.0650229 56.8227887
    60.0643989 56.8226593
    60.0644032 56.8225977
    60.06423 56.8225566
    60.064187 56.8225859
    60.0641247 56.8225808
    60.0641146 56.8225551
    60.0640824 56.8225456
    60.0640865 56.8225393
    60.0640129 56.8225206
    60.0639456 56.8226278
    60.0639711 56.8226322
    60.0639591 56.8226498
    60.0638397 56.8226652
    60.0636951 56.8226354
    60.0627065 56.8221441
    60.0615424 56.8214631
    60.0607538 56.8209434
    60.0605392 56.8208231
    60.0604469 56.8207174
    60.0600013 56.8203959
    60.0597129 56.8201336
    60.0595508 56.8200213
    60.0595147 56.8199666
    60.059406 56.8199034
    60.0593544 56.8198173
    60.0592531 56.8197339
    60.05915 56.8196718
    60.0586758 56.8191706
    60.0586444 56.8191107
    60.0585218 56.8189893
    60.0583861 56.8188308
    60.0583634 56.8187835
    60.0583067 56.8187467
    60.0580992 56.8184958
    60.0580596 56.8183621
    60.058016 56.8183292
    60.0579709 56.8182385
    60.0576532 56.8178645
    60.0576221 56.817773
    60.0575777 56.8177231
    60.0574854 56.817655
    60.0573836 56.8174953
    60.057272 56.8173547
    60.0572718 56.8172636
    60.0571074 56.817082
    60.057039 56.817016
    60.0569692 56.8168839
    60.0568775 56.8167444
    60.0568032 56.8166695
    60.0566912 56.8166151
    60.0566731 56.8165833
    60.0567108 56.8165076
    60.0565823 56.8163228
    60.0565146 56.8162695
    60.0564395 56.8162453
    60.05641 56.816199
    60.056418 56.8161564
    60.0561458 56.8159172
    60.0560589 56.8157732
    60.0556174 56.8154393
    60.0554687 56.8152183
    60.0554591 56.8151427
    60.055427 56.8150605
    60.0553668 56.8149989
    60.0552163 56.8149046
    60.0551796 56.8148138
    60.0552215 56.8147017
    60.0545595 56.8134473
    60.0544131 56.8123702
    60.0545487 56.812224
    60.0545348 56.8117858
    60.0540161 56.8110488
    60.0538015 56.810993
    60.0537253 56.8109108
    60.0535387 56.8107551
    60.0534207 56.8106847
    60.0532727 56.8110064
    60.0523585 56.81136
    60.0514903 56.8118217
    60.0512213 56.8119738
    60.0508797 56.8121013
    60.0505936 56.8123819
    60.0502217 56.8125891
    60.0499542 56.8126727
    60.049569 56.8127108
    60.0491506 56.8127901
    60.0487831 56.8128253
    60.0473078 56.8127229
    60.0471818 56.8128282
    60.0470696 56.8127269
    60.0461971 56.8127431
    60.0443039 56.8127563
    60.042657 56.81268
    60.0422305 56.8126558
    60.0413554 56.8125323
    60.0405612 56.8123919
    60.0402068 56.8123099
    60.0398558 56.8122599
    60.0392562 56.8121436
    60.0388748 56.8120299
    60.0385023 56.8119311
    60.0379148 56.8118093
    60.0375732 56.8117315
    60.0371235 56.811683
    60.0368626 56.8116315
    60.0366837 56.811567
    60.0365764 56.8114965
    60.0363866 56.8113541
    60.0361449 56.8111475
    60.0360292 56.8109871
    60.0349211 56.8108131
    60.034301 56.8108114
    60.0336981 56.8108099
    60.0331644 56.8108517
    60.0329224 56.8108372
    60.0327408 56.8108902
    60.0324538 56.8109225
    60.0319645 56.8110031
    60.0306326 56.8108608
    60.030477 56.8109519
    60.0304287 56.8108476
    60.0293574 56.8107536
    60.0292486 56.8106333
    60.0290731 56.8105843
    60.0291279 56.8104174
    60.0289938 56.8102442
    60.0287625 56.8100331
    60.0279524 56.8098123
    60.0275136 56.8099309
    60.0270143 56.8098947
    60.0265611 56.809924
    60.0259984 56.8100312
    60.0256893 56.8103117
    60.0251035 56.8103675
    60.0248248 56.8104656
    60.0246942 56.8103822
    60.0235238 56.8102881
    60.0232751 56.8102272
    60.023099 56.8102064
    60.0229472 56.8101751
    60.0227584 56.8101496
    60.0226541 56.8101239
    60.022527 56.8100578
    60.0222503 56.8100148
    60.0220374 56.8099625
    60.0219457 56.8099403
    60.0217815 56.8099204
    60.0216187 56.8099075
    60.0213929 56.8099058
    60.0213079 56.8098314
    60.02122 56.809807
    60.0211898 56.8097876
    60.0211771 56.8098018
    60.0210623 56.8097462
    60.020823 56.8096729
    60.0204386 56.8095552
    60.0200139 56.8094252
    60.0196971 56.8093282
    60.0196015 56.8091129
    60.0195726 56.8090925
    60.01955 56.8090766
    60.0195312 56.8090633
    60.0194869 56.8090321
    60.0194396 56.809002
    60.0193301 56.8089804
    60.0192706 56.8089687
    60.0191839 56.8089516
    60.0190836 56.8089318
    60.0189805 56.8089115
    60.0189083 56.8088999
    60.0187691 56.8088318
    60.0186997 56.8087979
    60.0186368 56.8087671
    60.0185895 56.808744
    60.0185324 56.8087161
    60.0184587 56.8086801
    60.0183738 56.8086385
    60.0182625 56.808586
    60.0180139 56.8083528
    60.0178923 56.8082387
    60.0176518 56.8080131
    60.0173841 56.8078244
    60.0170161 56.8074843
    60.0164352 56.8068312
    60.0163825 56.8067719
    60.0163236 56.8067058
    60.0162689 56.8066443
    60.0162211 56.8065904
    60.0161712 56.8065344
    60.0160699 56.8064196
    60.0159511 56.806354
    60.0158289 56.8062866
    60.0157284 56.8062285
    60.015701 56.8061499
    60.0156823 56.8060962
    60.015662 56.8060379
    60.0156424 56.8059818
    60.0156106 56.8058903
    60.0155816 56.8058073
    60.0146572 56.8051014
    60.0143463 56.8049444
    60.014248 56.8048948
    60.014132 56.8048362
    60.0140614 56.8048213
    60.01388 56.8049305
    60.0138125 56.8050189
    60.0137539 56.8050956
    60.0136391 56.805246
    60.0135761 56.8053285
    60.0135139 56.80541
    60.0133844 56.8055743
    60.0133228 56.8057461
    60.0132316 56.8060008
    60.0132018 56.8060842
    60.0131804 56.8061438
    60.0131688 56.8061761
    60.0131506 56.806227
    60.0131436 56.8062533
    60.0131092 56.8062657
    60.0130777 56.8062771
    60.0130572 56.8062845
    60.0130353 56.8062924
    60.0129881 56.8063094
    60.0129391 56.8063271
    60.0128813 56.806348
    60.0127885 56.8063823
    60.0126976 56.8064646
    60.0126419 56.806515
    60.0125934 56.8065589
    60.0125568 56.806592
    60.0125114 56.8066331
    60.0124545 56.8066846
    60.0124097 56.8067219
    60.0123288 56.8067626
    60.0122501 56.8068021
    60.012177 56.8068389
    60.0121146 56.8068703
    60.0119461 56.8069866
    60.0118572 56.8070481
    60.0117429 56.8071271
    60.0116284 56.807261
    60.0115246 56.8073804
    60.0113973 56.8075232
    60.0111888 56.8076661
    60.0111325 56.8077029
    60.0110803 56.807737
    60.0110264 56.8077706
    60.0070815 56.8058752
END
END
